timestamp,step,x,y,yaw,v,omega,x_ref,y_ref,yaw_ref,v_ref,curvature_ref,lateral_error,heading_error,velocity_error,longitudinal_error,accel,steering_angle,jerk_accel,steering_rate,mpc_comp_time_ms,mpc_status,min_clearance,nearest_obstacle_id,collision_detected,collision_count,active_destination_id,goal_x,goal_y,replan_count,replan_in_progress,route_completion_ratio
0.0,0,0.0,0.0,0.465,0.075,0.0001,0.0,0.0,0.4658,1.5,-0.0,0.0,-0.0008,-1.5,0.0,1.5,0.0008,0.0,0.0,8.933,1,999.0,none,0,0,DEST_BAY_04,35.0,1.1756,0,0,0.0
0.05,1,0.0034,0.0017,0.465,0.15,0.0001,0.0034,0.0,0.4658,1.5,-0.0,0.0,-0.0008,-1.425,0.0,1.5,0.0008,0.0,-0.0003,8.606,1,999.0,none,0,0,DEST_BAY_04,35.0,1.1756,0,0,0.0001
0.1,2,0.0101,0.005,0.465,0.225,0.0001,0.0101,0.0017,0.4658,1.5,-0.0001,-0.0,-0.0008,-1.35,0.0,1.5,0.0007,0.0,-0.0014,12.821,1,999.0,none,0,0,DEST_BAY_04,35.0,1.1756,0,0,0.0003
0.15,3,0.0201,0.0101,0.465,0.3,-0.0,0.0201,0.0051,0.4658,1.5,-0.0002,-0.0,-0.0008,-1.275,0.0,1.5,-0.0001,0.0,-0.0174,7.748,1,999.0,none,0,0,DEST_BAY_04,35.0,1.1756,0,0,0.0006
0.2,4,0.0335,0.0168,0.465,0.375,0.0001,0.0335,0.0101,0.4658,1.5,-0.0005,-0.0,-0.0008,-1.2,0.0,1.5,0.0002,0.0,0.0074,8.577,1,999.0,none,0,0,DEST_BAY_04,35.0,1.1756,0,0,0.001
0.25,5,0.0503,0.0252,0.465,0.45,0.0,0.0503,0.0168,0.4658,1.5,-0.0008,-0.0,-0.0007,-1.125,0.0,1.5,0.0,0.0,-0.004,10.384,1,999.0,none,0,0,DEST_BAY_04,35.0,1.1756,0,0,0.0014
0.3,6,0.0704,0.0353,0.465,0.5235,-0.0001,0.0704,0.0253,0.4657,1.5,-0.0011,-0.0,-0.0007,-1.05,0.0,1.47,-0.0002,-0.6,-0.0039,11.294,1,999.0,none,0,0,DEST_BAY_04,35.0,1.1756,0,0,0.002
0.35,7,0.0938,0.0471,0.465,0.5919,-0.0005,0.0938,0.0354,0.4657,1.5,-0.0016,-0.0001,-0.0007,-0.9765,0.0,1.3671,-0.001,-2.058,-0.0167,10.633,1,999.0,none,0,0,DEST_BAY_04,35.0,1.1756,0,0,0.0027
0.4,8,0.1202,0.0603,0.4649,0.6554,-0.0009,0.1202,0.0471,0.4657,1.5,-0.0021,-0.0001,-0.0007,-0.9081,0.0,1.2714,-0.0016,-1.9139,-0.0117,12.299,1,999.0,none,0,0,DEST_BAY_04,35.0,1.1756,0,0,0.0034
0.45,9,0.1495,0.075,0.4649,0.7145,-0.0011,0.1495,0.0604,0.4656,1.5,-0.0027,-0.0001,-0.0006,-0.8446,0.0,1.1824,-0.0018,-1.78,-0.0041,7.241,1,999.0,none,0,0,DEST_BAY_04,35.0,1.1756,0,0,0.0043
0.5,10,0.1815,0.091,0.4648,0.7695,-0.0019,0.1815,0.0751,0.4655,1.5,-0.0034,-0.0001,-0.0006,-0.7855,0.0,1.0996,-0.003,-1.6554,-0.0246,9.344,1,999.0,none,0,0,DEST_BAY_04,35.0,1.1756,0,0,0.0052
0.55,11,0.2159,0.1083,0.4646,0.8207,-0.0034,0.2159,0.0912,0.4654,1.5,-0.0041,-0.0001,-0.0005,-0.7305,0.0,1.0227,-0.0049,-1.5395,-0.0379,8.18,1,999.0,none,0,0,DEST_BAY_04,35.0,1.1756,0,0,0.0062
0.6,12,0.2525,0.1267,0.4645,0.8682,-0.0034,0.2525,0.1084,0.4652,1.5,-0.0049,-0.0002,-0.0005,-0.6793,0.0,0.9511,-0.0047,-1.4317,0.0045,7.784,1,999.0,none,0,0,DEST_BAY_04,35.0,1.1756,0,0,0.0072
0.65,13,0.2914,0.1461,0.4643,0.9124,-0.0048,0.2914,0.1269,0.465,1.5,-0.0057,-0.0002,-0.0005,-0.6318,0.0,0.8845,-0.0063,-1.3315,-0.0321,7.809,1,999.0,none,0,0,DEST_BAY_04,35.0,1.1756,0,0,0.0083
0.7,14,0.3321,0.1665,0.464,0.9536,-0.0055,0.3321,0.1463,0.4647,1.5,-0.0066,-0.0002,-0.0004,-0.5876,0.0,0.8226,-0.0069,-1.2383,-0.0116,12.285,1,999.0,none,0,0,DEST_BAY_04,35.0,1.1756,0,0,0.0095
0.75,15,0.3748,0.1879,0.4636,0.9918,-0.0074,0.3748,0.1668,0.4644,1.5,-0.0075,-0.0002,-0.0004,-0.5464,0.0,0.765,-0.009,-1.1516,-0.0424,11.797,1,999.0,none,0,0,DEST_BAY_04,35.0,1.1756,0,0,0.0107
0.8,16,0.4191,0.2101,0.4632,1.0274,-0.0094,0.4191,0.1881,0.464,1.5,-0.0085,-0.0002,-0.0003,-0.5082,0.0,0.7115,-0.0109,-1.071,-0.0387,9.585,1,999.0,none,0,0,DEST_BAY_04,35.0,1.1756,0,0,0.012
0.85,17,0.4651,0.233,0.4627,1.0605,-0.0098,0.4651,0.2103,0.4635,1.5,-0.0095,-0.0002,-0.0004,-0.4726,0.0,0.6617,-0.0111,-0.996,-0.0038,10.678,1,999.0,none,0,0,DEST_BAY_04,35.0,1.1756,0,0,0.0133
0.9,18,0.5125,0.2567,0.4622,1.0912,-0.0107,0.5125,0.2332,0.463,1.5,-0.0106,-0.0002,-0.0003,-0.4395,0.0,0.6153,-0.0118,-0.9263,-0.0132,12.629,1,999.0,none,0,0,DEST_BAY_04,35.0,1.1756,0,0,0.0146
0.95,19,0.5614,0.281,0.4616,1.1199,-0.0132,0.5614,0.2569,0.4624,1.5,-0.0116,-0.0002,-0.0002,-0.4088,0.0,0.5723,-0.0141,-0.8615,-0.0463,10.837,1,999.0,none,0,0,DEST_BAY_04,35.0,1.1756,0,0,0.016
1.0,20,0.6115,0.3059,0.4609,1.1465,-0.0142,0.6115,0.2812,0.4618,1.5,-0.0127,-0.0002,-0.0002,-0.3801,0.0,0.5322,-0.0149,-0.8012,-0.016,8.636,1,999.0,none,0,0,DEST_BAY_04,35.0,1.1756,0,0,0.0175
1.05,21,0.6629,0.3314,0.4601,1.1712,-0.016,0.6629,0.3062,0.461,1.5,-0.0139,-0.0002,-0.0002,-0.3535,0.0,0.495,-0.0164,-0.7451,-0.0309,9.023,1,999.0,none,0,0,DEST_BAY_04,35.0,1.1756,0,0,0.0189
1.1,22,0.7153,0.3574,0.4592,1.1942,-0.0174,0.7153,0.3316,0.4602,1.5,-0.0151,-0.0002,-0.0001,-0.3288,0.0,0.4603,-0.0174,-0.6929,-0.0201,7.836,1,999.0,none,0,0,DEST_BAY_04,35.0,1.1756,0,0,0.0204
1.15,23,0.7689,0.3839,0.4583,1.2156,-0.0194,0.7689,0.3576,0.4593,1.5,-0.0163,-0.0002,-0.0001,-0.3058,0.0,0.4281,-0.0191,-0.6444,-0.0336,8.951,1,999.0,none,0,0,DEST_BAY_04,35.0,1.1756,0,0,0.022
1.2,24,0.8234,0.4108,0.4572,1.2355,-0.0218,0.8234,0.3841,0.4583,1.5,-0.0175,-0.0001,-0.0,-0.2844,0.0,0.3981,-0.0212,-0.5993,-0.041,9.532,1,999.0,none,0,0,DEST_BAY_04,35.0,1.1756,0,0,0.0235
1.25,25,0.8788,0.4381,0.456,1.254,-0.0238,0.8788,0.4109,0.4572,1.5,-0.0188,-0.0001,0.0,-0.2645,0.0,0.3702,-0.0228,-0.5574,-0.0322,8.52,1,999.0,none,0,0,DEST_BAY_04,35.0,1.1756,0,0,0.0251
1.3,26,0.9351,0.4657,0.4548,1.2713,-0.0256,0.9351,0.4381,0.456,1.5,-0.02,-0.0001,0.0001,-0.246,0.0,0.3443,-0.0241,-0.5183,-0.0272,11.283,1,999.0,none,0,0,DEST_BAY_04,35.0,1.1756,0,0,0.0267
1.35,27,0.9922,0.4936,0.4535,1.2873,-0.0263,0.9922,0.4657,0.4547,1.5,-0.0213,-0.0,0.0001,-0.2287,0.0,0.3202,-0.0245,-0.4821,-0.0069,11.038,1,999.0,none,0,0,DEST_BAY_04,35.0,1.1756,0,0,0.0283
1.4,28,1.0501,0.5218,0.452,1.3022,-0.0293,1.0501,0.4936,0.4533,1.5,-0.0227,0.0,0.0002,-0.2127,0.0,0.2978,-0.027,-0.4483,-0.0506,8.229,1,999.0,none,0,0,DEST_BAY_04,35.0,1.1756,0,0,0.03
1.45,29,1.1086,0.5502,0.4505,1.316,-0.0312,1.1086,0.5217,0.4518,1.5,-0.024,0.0001,0.0002,-0.1978,0.0,0.277,-0.0284,-0.4169,-0.0279,9.591,1,999.0,none,0,0,DEST_BAY_04,35.0,1.1756,0,0,0.0317
1.5,30,1.1679,0.5789,0.4488,1.3289,-0.0334,1.1679,0.5501,0.4502,1.5,-0.0254,0.0001,0.0003,-0.184,0.0,0.2576,-0.0302,-0.3878,-0.0353,10.709,1,999.0,none,0,0,DEST_BAY_04,35.0,1.1756,0,0,0.0334
1.55,31,1.2277,0.6077,0.447,1.3409,-0.0366,1.2277,0.5786,0.4485,1.5,-0.0267,0.0002,0.0004,-0.1711,0.0,0.2395,-0.0327,-0.3606,-0.0511,11.513,1,999.0,none,0,0,DEST_BAY_04,35.0,1.1756,0,0,0.0351
1.6,32,1.2882,0.6367,0.4451,1.352,-0.0383,1.2882,0.6074,0.4466,1.5,-0.0281,0.0003,0.0004,-0.1591,0.0,0.2228,-0.034,-0.3354,-0.0249,8.643,1,999.0,none,0,0,DEST_BAY_04,35.0,1.1756,0,0,0.0368
1.65,33,1.3492,0.6658,0.443,1.3624,-0.042,1.3492,0.6363,0.4447,1.5,-0.0296,0.0004,0.0004,-0.148,0.0,0.2072,-0.037,-0.3119,-0.0604,7.402,1,999.0,none,0,0,DEST_BAY_04,35.0,1.1756,0,0,0.0385
1.7,34,1.4107,0.695,0.4408,1.372,-0.0437,1.4107,0.6653,0.4427,1.5,-0.031,0.0005,0.0004,-0.1376,0.0,0.1927,-0.0382,-0.2901,-0.024,8.529,1,999.0,none,0,0,DEST_BAY_04,35.0,1.1756,0,0,0.0403
1.75,35,1.4728,0.7243,0.4386,1.381,-0.0455,1.4728,0.6943,0.4405,1.5,-0.0325,0.0006,0.0004,-0.128,0.0,0.1792,-0.0395,-0.2698,-0.026,13.14,1,999.0,none,0,0,DEST_BAY_04,35.0,1.1756,0,0,0.0421
1.8,36,1.5353,0.7536,0.4362,1.3893,-0.048,1.5353,0.7235,0.4382,1.5,-0.0339,0.0007,0.0004,-0.119,0.0,0.1667,-0.0414,-0.2509,-0.0385,11.329,1,999.0,none,0,0,DEST_BAY_04,35.0,1.1756,0,0,0.0439
1.85,37,1.5982,0.7829,0.4337,1.397,-0.0512,1.5982,0.7527,0.4358,1.5,-0.0354,0.0008,0.0004,-0.1107,0.0,0.155,-0.0439,-0.2333,-0.0501,9.692,1,999.0,none,0,0,DEST_BAY_04,35.0,1.1756,0,0,0.0457
1.9,38,1.6616,0.8123,0.431,1.4043,-0.0527,1.6616,0.7819,0.4333,1.5,-0.0369,0.0009,0.0003,-0.103,0.0,0.1441,-0.045,-0.217,-0.0217,8.869,1,999.0,none,0,0,DEST_BAY_04,35.0,1.1756,0,0,0.0475
1.95,39,1.7254,0.8416,0.4282,1.411,-0.0561,1.7254,0.8112,0.4307,1.5,-0.0384,0.001,0.0003,-0.0957,0.0,0.134,-0.0477,-0.2018,-0.0539,8.754,1,999.0,none,0,0,DEST_BAY_04,35.0,1.1756,0,0,0.0493
2.0,40,1.7896,0.8709,0.4253,1.4172,-0.0587,1.7896,0.8404,0.4279,1.5,-0.04,0.0012,0.0003,-0.089,0.0,0.1247,-0.0497,-0.1877,-0.0395,10.883,1,999.0,none,0,0,DEST_BAY_04,35.0,1.1756,0,0,0.0511
2.05,41,1.8541,0.9002,0.4223,1.423,-0.061,1.8541,0.8695,0.4251,1.5,-0.0415,0.0013,0.0003,-0.0828,0.0,0.1159,-0.0514,-0.1745,-0.0339,12.856,1,999.0,none,0,0,DEST_BAY_04,35.0,1.1756,0,0,0.053
2.1,42,1.919,0.9293,0.4191,1.4284,-0.0637,1.919,0.8986,0.4221,1.5,-0.0431,0.0014,0.0002,-0.077,0.0,0.1078,-0.0535,-0.1623,-0.0415,13.484,1,999.0,none,0,0,DEST_BAY_04,35.0,1.1756,0,0,0.0548
2.15,43,1.9843,0.9584,0.4158,1.4334,-0.0656,1.9843,0.9277,0.419,1.5,-0.0447,0.0015,0.0002,-0.0716,0.0,0.1003,-0.0549,-0.1509,-0.029,10.41,1,999.0,none,0,0,DEST_BAY_04,35.0,1.1756,0,0,0.0567
2.2,44,2.0498,0.9873,0.4124,1.4381,-0.0683,2.0498,0.9566,0.4157,1.5,-0.0463,0.0017,0.0001,-0.0666,0.0,0.0933,-0.057,-0.1404,-0.0414,7.891,1,999.0,none,0,0,DEST_BAY_04,35.0,1.1756,0,0,0.0586
2.25,45,2.1157,1.0162,0.4089,1.4424,-0.071,2.1157,0.9854,0.4123,1.5,-0.0479,0.0018,0.0001,-0.0619,0.0,0.0867,-0.059,-0.1306,-0.0409,11.153,1,999.0,none,0,0,DEST_BAY_04,35.0,1.1756,0,0,0.0604
2.3,46,2.1819,1.0448,0.4052,1.4464,-0.0736,2.1819,1.0141,0.4088,1.5,-0.0495,0.0019,0.0001,-0.0576,0.0,0.0807,-0.061,-0.1214,-0.0391,7.6,1,999.0,none,0,0,DEST_BAY_04,35.0,1.1756,0,0,0.0623
2.35,47,2.2484,1.0733,0.4014,1.4502,-0.077,2.2484,1.0426,0.4052,1.5,-0.0511,0.0021,0.0,-0.0536,0.0,0.075,-0.0636,-0.1129,-0.0533,9.604,1,999.0,none,0,0,DEST_BAY_04,35.0,1.1756,0,0,0.0642
2.4,48,2.3151,1.1017,0.3975,1.4537,-0.0783,2.3151,1.071,0.4015,1.5,-0.0528,0.0022,-0.0001,-0.0498,0.0,0.0698,-0.0645,-0.105,-0.0174,13.318,1,999.0,none,0,0,DEST_BAY_04,35.0,1.1756,0,0,0.0661
2.45,49,2.3821,1.1298,0.3934,1.4569,-0.0817,2.3821,1.0991,0.3976,1.5,-0.0544,0.0023,-0.0001,-0.0463,0.0,0.0649,-0.0672,-0.0977,-0.0541,12.623,1,999.0,none,0,0,DEST_BAY_04,35.0,1.1756,0,0,0.0681
2.5,50,2.4494,1.1577,0.3892,1.4599,-0.0834,2.4494,1.1271,0.3936,1.5,-0.0561,0.0025,-0.0002,-0.0431,0.0,0.0603,-0.0684,-0.0908,-0.0247,11.495,1,999.0,none,0,0,DEST_BAY_04,35.0,1.1756,0,0,0.07
2.55,51,2.5169,1.1854,0.3849,1.4627,-0.0871,2.5169,1.1549,0.3894,1.5,-0.0578,0.0026,-0.0002,-0.0401,0.0,0.0561,-0.0713,-0.0845,-0.057,10.583,1,999.0,none,0,0,DEST_BAY_04,35.0,1.1756,0,0,0.0719
2.6,52,2.5847,1.2129,0.3804,1.4653,-0.0899,2.5847,1.1824,0.3851,1.5,-0.0594,0.0028,-0.0002,-0.0373,0.0,0.0522,-0.0735,-0.0786,-0.044,7.903,1,999.0,none,0,0,DEST_BAY_04,35.0,1.1756,0,0,0.0738
2.65,53,2.6528,1.2401,0.3758,1.4678,-0.0916,2.6528,1.2098,0.3807,1.5,-0.0611,0.0029,-0.0003,-0.0347,0.0,0.0485,-0.0748,-0.0731,-0.0256,9.939,1,999.0,none,0,0,DEST_BAY_04,35.0,1.1756,0,0,0.0758
2.7,54,2.721,1.267,0.371,1.47,-0.0967,2.721,1.2368,0.3762,1.5,-0.0629,0.0031,-0.0004,-0.0322,0.0,0.0451,-0.0788,-0.0679,-0.0806,12.718,1,999.0,none,0,0,DEST_BAY_04,35.0,1.1756,0,0,0.0777
2.75,55,2.7895,1.2937,0.3661,1.4721,-0.0974,2.7895,1.2636,0.3715,1.5,-0.0646,0.0032,-0.0005,-0.03,0.0,0.042,-0.0793,-0.0632,-0.0091,8.859,1,999.0,none,0,0,DEST_BAY_04,35.0,1.1756,0,0,0.0797
2.8,56,2.8582,1.32,0.3611,1.4741,-0.101,2.8582,1.2901,0.3667,1.5,-0.0663,0.0034,-0.0006,-0.0279,0.0,0.039,-0.082,-0.0588,-0.0557,12.95,1,999.0,none,0,0,DEST_BAY_04,35.0,1.1756,0,0,0.0817
2.85,57,2.9272,1.3461,0.3559,1.4759,-0.1033,2.9272,1.3163,0.3618,1.5,-0.068,0.0035,-0.0007,-0.0259,0.0,0.0363,-0.0838,-0.0547,-0.0352,12.684,1,999.0,none,0,0,DEST_BAY_04,35.0,1.1756,0,0,0.0836
2.9,58,2.9964,1.3718,0.3506,1.4776,-0.1063,2.9964,1.3422,0.3567,1.5,-0.0698,0.0036,-0.0008,-0.0241,0.0,0.0338,-0.0861,-0.0508,-0.0462,11.037,1,999.0,none,0,0,DEST_BAY_04,35.0,1.1756,0,0,0.0856
2.95,59,3.0657,1.3972,0.3452,1.4791,-0.1079,3.0657,1.3678,0.3515,1.5,-0.0715,0.0038,-0.0009,-0.0224,0.0,0.0314,-0.0873,-0.0473,-0.0238,8.163,1,999.0,none,0,0,DEST_BAY_04,35.0,1.1756,0,0,0.0876
3.0,60,3.1353,1.4222,0.3397,1.4806,-0.1115,3.1353,1.393,0.3462,1.5,-0.0732,0.0039,-0.0009,-0.0209,0.0,0.0292,-0.0901,-0.044,-0.0557,12.105,1,999.0,none,0,0,DEST_BAY_04,35.0,1.1756,0,0,0.0896
3.05,61,3.2051,1.4469,0.3339,1.482,-0.115,3.2051,1.4179,0.3407,1.5,-0.075,0.0041,-0.001,-0.0194,0.0,0.0272,-0.0929,-0.0409,-0.0555,10.541,1,999.0,none,0,0,DEST_BAY_04,35.0,1.1756,0,0,0.0916
3.1,62,3.2751,1.4711,0.3281,1.4832,-0.1164,3.2751,1.4424,0.3351,1.5,-0.0767,0.0042,-0.0011,-0.018,0.0,0.0253,-0.0939,-0.038,-0.0199,7.323,1,999.0,none,0,0,DEST_BAY_04,35.0,1.1756,0,0,0.0936
3.15,63,3.3453,1.495,0.3221,1.4844,-0.1197,3.3453,1.4666,0.3293,1.5,-0.0785,0.0043,-0.0012,-0.0168,0.0,0.0235,-0.0964,-0.0354,-0.0514,13.053,1,999.0,none,0,0,DEST_BAY_04,35.0,1.1756,0,0,0.0956
3.2,64,3.4158,1.5185,0.3161,1.4855,-0.1215,3.4158,1.4903,0.3234,1.5,-0.0802,0.0045,-0.0013,-0.0156,0.0,0.0218,-0.0978,-0.0329,-0.0283,9.137,1,999.0,none,0,0,DEST_BAY_04,35.0,1.1756,0,0,0.0976
3.25,65,3.4863,1.5416,0.3098,1.4865,-0.1259,3.4863,1.5137,0.3174,1.5,-0.082,0.0046,-0.0014,-0.0145,0.0,0.0203,-0.1013,-0.0306,-0.0694,7.565,1,999.0,none,0,0,DEST_BAY_04,35.0,1.1756,0,0,0.0996
3.3,66,3.5571,1.5643,0.3034,1.4874,-0.1266,3.5571,1.5366,0.3113,1.5,-0.0837,0.0048,-0.0015,-0.0135,0.0,0.0189,-0.1018,-0.0284,-0.0102,7.74,1,999.0,none,0,0,DEST_BAY_04,35.0,1.1756,0,0,0.1016
3.35,67,3.6281,1.5865,0.2969,1.4883,-0.1315,3.6281,1.5592,0.305,1.5,-0.0855,0.0049,-0.0015,-0.0126,0.0,0.0176,-0.1057,-0.0264,-0.0769,10.262,1,999.0,none,0,0,DEST_BAY_04,35.0,1.1756,0,0,0.1037
3.4,68,3.6993,1.6083,0.2903,1.4891,-0.1321,3.6993,1.5813,0.2986,1.5,-0.0872,0.005,-0.0017,-0.0117,0.0,0.0163,-0.1061,-0.0246,-0.0078,12.025,1,999.0,none,0,0,DEST_BAY_04,35.0,1.1756,0,0,0.1057
3.45,69,3.7706,1.6296,0.2835,1.4899,-0.1353,3.7706,1.6029,0.292,1.5,-0.0889,0.0051,-0.0017,-0.0109,0.0,0.0152,-0.1086,-0.0229,-0.0502,8.009,1,999.0,none,0,0,DEST_BAY_04,35.0,1.1756,0,0,0.1077
3.5,70,3.8421,1.6504,0.2766,1.4906,-0.1392,3.8421,1.6241,0.2853,1.5,-0.0906,0.0053,-0.0018,-0.0101,0.0,0.0141,-0.1116,-0.0213,-0.0607,8.87,1,999.0,none,0,0,DEST_BAY_04,35.0,1.1756,0,0,0.1098
3.55,71,3.9138,1.6708,0.2695,1.4913,-0.1408,3.9138,1.6448,0.2785,1.5,-0.0923,0.0054,-0.002,-0.0094,0.0,0.0131,-0.1128,-0.0198,-0.0249,12.696,1,999.0,none,0,0,DEST_BAY_04,35.0,1.1756,0,0,0.1118
3.6,72,3.9857,1.6906,0.2623,1.4919,-0.1439,3.9857,1.6651,0.2716,1.5,-0.094,0.0055,-0.0021,-0.0087,0.0,0.0122,-0.1152,-0.0184,-0.048,10.598,1,999.0,none,0,0,DEST_BAY_04,35.0,1.1756,0,0,0.1139
3.65,73,4.0577,1.71,0.255,1.4924,-0.1458,4.0577,1.6848,0.2645,1.5,-0.0957,0.0056,-0.0022,-0.0081,0.0,0.0114,-0.1167,-0.0171,-0.0296,11.799,1,999.0,none,0,0,DEST_BAY_04,35.0,1.1756,0,0,0.1159
3.7,74,4.13,1.7288,0.2476,1.493,-0.1484,4.13,1.704,0.2573,1.5,-0.0974,0.0058,-0.0023,-0.0076,0.0,0.0106,-0.1187,-0.0159,-0.0397,13.469,1,999.0,none,0,0,DEST_BAY_04,35.0,1.1756,0,0,0.118
3.75,75,4.2023,1.7471,0.2401,1.4935,-0.1505,4.2023,1.7228,0.25,1.5,-0.099,0.0059,-0.0024,-0.007,0.0,0.0098,-0.1204,-0.0148,-0.0329,11.294,1,999.0,none,0,0,DEST_BAY_04,35.0,1.1756,0,0,0.1201
3.8,76,4.2749,1.7649,0.2324,1.4939,-0.1542,4.2749,1.7409,0.2425,1.5,-0.1006,0.006,-0.0025,-0.0065,0.0,0.0091,-0.1232,-0.0138,-0.0577,7.962,1,999.0,none,0,0,DEST_BAY_04,35.0,1.1756,0,0,0.1221
3.85,77,4.3475,1.7821,0.2246,1.4944,-0.1555,4.3475,1.7586,0.235,1.5,-0.1022,0.0061,-0.0026,-0.0061,0.0,0.0085,-0.1243,-0.0128,-0.0205,8.616,1,999.0,none,0,0,DEST_BAY_04,35.0,1.1756,0,0,0.1242
3.9,78,4.4204,1.7987,0.2167,1.4947,-0.1586,4.4204,1.7757,0.2273,1.5,-0.1037,0.0062,-0.0027,-0.0056,0.0,0.0079,-0.1267,-0.0119,-0.0482,8.65,1,999.0,none,0,0,DEST_BAY_04,35.0,1.1756,0,0,0.1263
3.95,79,4.4934,1.8148,0.2087,1.4951,-0.1597,4.4934,1.7923,0.2195,1.5,-0.1053,0.0063,-0.0028,-0.0053,0.0,0.0074,-0.1275,-0.0111,-0.0167,8.587,1,999.0,none,0,0,DEST_BAY_04,35.0,1.1756,0,0,0.1284
4.0,80,4.5665,1.8303,0.2006,1.4955,-0.1619,4.5665,1.8082,0.2116,1.5,-0.1067,0.0064,-0.0029,-0.0049,0.0,0.0068,-0.1292,-0.0103,-0.0341,8.642,1,999.0,none,0,0,DEST_BAY_04,35.0,1.1756,0,0,0.1305
4.05,81,4.6398,1.8452,0.1924,1.4958,-0.1646,4.6398,1.8236,0.2035,1.5,-0.1082,0.0065,-0.0029,-0.0045,0.0,0.0064,-0.1313,-0.0096,-0.0413,12.904,1,999.0,none,0,0,DEST_BAY_04,35.0,1.1756,0,0,0.1326
4.1,82,4.7132,1.8595,0.184,1.4961,-0.167,4.7132,1.8384,0.1954,1.5,-0.1096,0.0066,-0.003,-0.0042,0.0,0.0059,-0.1331,-0.0089,-0.0369,8.699,1,999.0,none,0,0,DEST_BAY_04,35.0,1.1756,0,0,0.1347
4.15,83,4.7867,1.8731,0.1756,1.4963,-0.1694,4.7867,1.8527,0.1871,1.5,-0.111,0.0067,-0.0031,-0.0039,0.0,0.0055,-0.135,-0.0083,-0.0373,11.415,1,999.0,none,0,0,DEST_BAY_04,35.0,1.1756,0,0,0.1368
4.2,84,4.8604,1.8862,0.167,1.4966,-0.1711,4.8604,1.8663,0.1788,1.5,-0.1123,0.0068,-0.0032,-0.0037,0.0,0.0051,-0.1363,-0.0077,-0.0263,13.094,1,999.0,none,0,0,DEST_BAY_04,35.0,1.1756,0,0,0.1389
4.25,85,4.9342,1.8986,0.1584,1.4968,-0.1727,4.9342,1.8793,0.1703,1.5,-0.1136,0.0068,-0.0033,-0.0034,0.0,0.0048,-0.1376,-0.0072,-0.0256,10.798,1,999.0,none,0,0,DEST_BAY_04,35.0,1.1756,0,0,0.141
4.3,86,5.0081,1.9105,0.1496,1.4971,-0.176,5.0081,1.8916,0.1618,1.5,-0.1149,0.0069,-0.0034,-0.0032,0.0,0.0044,-0.1401,-0.0067,-0.0511,12.287,1,999.0,none,0,0,DEST_BAY_04,35.0,1.1756,0,0,0.1431
4.35,87,5.0821,1.9216,0.1408,1.4973,-0.1764,5.0821,1.9034,0.1531,1.5,-0.1161,0.007,-0.0036,-0.0029,0.0,0.0041,-0.1404,-0.0062,-0.0055,8.4,1,999.0,none,0,0,DEST_BAY_04,35.0,1.1756,0,0,0.1452
4.4,88,5.1562,1.9321,0.1319,1.4975,-0.1777,5.1562,1.9145,0.1444,1.5,-0.1172,0.0071,-0.0037,-0.0027,0.0,0.0038,-0.1414,-0.0058,-0.0202,9.869,1,999.0,none,0,0,DEST_BAY_04,35.0,1.1756,0,0,0.1473
4.45,89,5.2305,1.942,0.1229,1.4976,-0.1794,5.2305,1.9249,0.1356,1.5,-0.1183,0.0071,-0.0037,-0.0025,0.0,0.0036,-0.1428,-0.0054,-0.0276,10.142,1,999.0,none,0,0,DEST_BAY_04,35.0,1.1756,0,0,0.1494
4.5,90,5.3048,1.9511,0.1138,1.4978,-0.1815,5.3048,1.9347,0.1267,1.5,-0.1193,0.0072,-0.0038,-0.0024,0.0,0.0033,-0.1444,-0.005,-0.0313,13.4,1,999.0,none,0,0,DEST_BAY_04,35.0,1.1756,0,0,0.1516
4.55,91,5.3792,1.9596,0.1046,1.498,-0.1837,5.3792,1.9438,0.1177,1.5,-0.1203,0.0073,-0.0039,-0.0022,0.0,0.0031,-0.1461,-0.0046,-0.0341,7.82,1,999.0,none,0,0,DEST_BAY_04,35.0,1.1756,0,0,0.1537
4.6,92,5.4537,1.9675,0.0954,1.4981,-0.1844,5.4537,1.9523,0.1087,1.5,-0.1211,0.0073,-0.0041,-0.002,0.0,0.0029,-0.1466,-0.0043,-0.0113,12.629,1,999.0,none,0,0,DEST_BAY_04,35.0,1.1756,0,0,0.1558
4.65,93,5.5282,1.9746,0.0862,1.4982,-0.1847,5.5282,1.9601,0.0996,1.5,-0.122,0.0073,-0.0042,-0.0019,0.0,0.0027,-0.1469,-0.004,-0.005,8.767,1,999.0,none,0,0,DEST_BAY_04,35.0,1.1756,0,0,0.1579
4.7,94,5.6029,1.981,0.0769,1.4984,-0.1859,5.6029,1.9672,0.0904,1.5,-0.1227,0.0074,-0.0042,-0.0018,0.0,0.0025,-0.1478,-0.0037,-0.0182,9.858,1,999.0,none,0,0,DEST_BAY_04,35.0,1.1756,0,0,0.1601
4.75,95,5.6776,1.9868,0.0676,1.4985,-0.1865,5.6776,1.9736,0.0812,1.5,-0.1234,0.0074,-0.0043,-0.0016,0.0,0.0023,-0.1483,-0.0035,-0.0091,8.955,1,999.0,none,0,0,DEST_BAY_04,35.0,1.1756,0,0,0.1622
4.8,96,5.7523,1.9919,0.0582,1.4986,-0.1881,5.7523,1.9793,0.0719,1.5,-0.1241,0.0074,-0.0044,-0.0015,0.0,0.0021,-0.1495,-0.0032,-0.024,9.992,1,999.0,none,0,0,DEST_BAY_04,35.0,1.1756,0,0,0.1644
4.85,97,5.8271,1.9962,0.0488,1.4987,-0.1873,5.8271,1.9844,0.0626,1.5,-0.1246,0.0075,-0.0045,-0.0014,0.0,0.002,-0.1489,-0.003,0.0112,12.626,1,999.0,none,0,0,DEST_BAY_04,35.0,1.1756,0,0,0.1665
4.9,98,5.902,1.9999,0.0393,1.4988,-0.1897,5.902,1.9887,0.0533,1.5,-0.1251,0.0075,-0.0045,-0.0013,0.0,0.0019,-0.1508,-0.0028,-0.037,13.495,1,999.0,none,0,0,DEST_BAY_04,35.0,1.1756,0,0,0.1686
4.95,99,5.9768,2.0028,0.0298,1.4989,-0.1901,5.9768,1.9924,0.0439,1.5,-0.1255,0.0075,-0.0046,-0.0012,0.0,0.0017,-0.151,-0.0026,-0.0055,12.467,1,999.0,none,0,0,DEST_BAY_04,35.0,1.1756,0,0,0.1708
5.0,100,6.0518,2.0051,0.0204,1.4989,-0.189,6.0518,1.9953,0.0345,1.5,-0.1258,0.0075,-0.0047,-0.0011,0.0,0.0016,-0.1501,-0.0024,0.0176,12.547,1,999.0,none,0,0,DEST_BAY_04,35.0,1.1756,0,0,0.1729
5.05,101,6.1267,2.0066,0.0108,1.499,-0.1911,6.1267,1.9975,0.025,1.5,-0.1261,0.0075,-0.0047,-0.0011,0.0,0.0015,-0.1518,-0.0022,-0.0325,8.248,1,999.0,none,0,0,DEST_BAY_04,35.0,1.1756,0,0,0.175
5.1,102,6.2016,2.0074,0.0012,1.4991,-0.1913,6.2016,1.999,0.0156,1.5,-0.1262,0.0075,-0.0048,-0.001,0.0,0.0014,-0.152,-0.0021,-0.0043,9.727,1,999.0,none,0,0,DEST_BAY_04,35.0,1.1756,0,0,0.1772
5.15,103,6.2766,2.0075,-0.0083,1.4991,-0.1909,6.2766,1.9999,0.0061,1.5,-0.1263,0.0075,-0.0049,-0.0009,0.0,0.0013,-0.1516,-0.0019,0.0078,7.569,1,999.0,none,0,0,DEST_BAY_04,35.0,1.1756,0,0,0.1793
5.2,104,6.3515,2.0069,-0.0179,1.4992,-0.1921,6.3515,2.0,-0.0034,1.5,-0.1263,0.0075,-0.0049,-0.0009,0.0,0.0012,-0.1526,-0.0018,-0.0201,8.871,1,999.0,none,0,0,DEST_BAY_04,35.0,1.1756,0,0,0.1815
5.25,105,6.4265,2.0055,-0.0274,1.4993,-0.1892,6.4265,1.9993,-0.0128,1.5,-0.1263,0.0075,-0.0051,-0.0008,0.0,0.0011,-0.1503,-0.0017,0.0462,12.14,1,999.0,none,0,0,DEST_BAY_04,35.0,1.1756,0,0,0.1836
5.3,106,6.5014,2.0035,-0.0369,1.4993,-0.1909,6.5014,1.998,-0.0223,1.5,-0.1261,0.0075,-0.0051,-0.0007,0.0,0.001,-0.1516,-0.0016,-0.0262,13.231,1,999.0,none,0,0,DEST_BAY_04,35.0,1.1756,0,0,0.1858
5.35,107,6.5763,2.0007,-0.0464,1.4994,-0.1895,6.5763,1.996,-0.0317,1.5,-0.1259,0.0075,-0.0052,-0.0007,0.0,0.001,-0.1506,-0.0015,0.021,13.471,1,999.0,none,0,0,DEST_BAY_04,35.0,1.1756,0,0,0.1879
5.4,108,6.6512,1.9972,-0.0559,1.4994,-0.1901,6.6512,1.9933,-0.0412,1.5,-0.1256,0.0074,-0.0052,-0.0006,0.0,0.0009,-0.151,-0.0013,-0.009,8.175,1,999.0,none,0,0,DEST_BAY_04,35.0,1.1756,0,0,0.19
5.45,109,6.7261,1.993,-0.0653,1.4994,-0.1888,6.7261,1.9898,-0.0506,1.5,-0.1252,0.0074,-0.0053,-0.0006,0.0,0.0008,-0.1499,-0.0013,0.0215,9.069,1,999.0,none,0,0,DEST_BAY_04,35.0,1.1756,0,0,0.1922
5.5,110,6.8009,1.9881,-0.0747,1.4995,-0.1867,6.8009,1.9857,-0.0599,1.5,-0.1248,0.0073,-0.0054,-0.0006,0.0,0.0008,-0.1483,-0.0012,0.0315,10.616,1,999.0,none,0,0,DEST_BAY_04,35.0,1.1756,0,0,0.1943
5.55,111,6.8757,1.9826,-0.084,1.4995,-0.1869,6.8757,1.9809,-0.0693,1.5,-0.1242,0.0073,-0.0054,-0.0005,0.0,0.0007,-0.1484,-0.0011,-0.0019,11.912,1,999.0,none,0,0,DEST_BAY_04,35.0,1.1756,0,0,0.1964
5.6,112,6.9504,1.9763,-0.0932,1.4996,-0.1849,6.9504,1.9753,-0.0786,1.5,-0.1236,0.0072,-0.0055,-0.0005,0.0,0.0007,-0.1469,-0.001,0.0314,10.368,1,999.0,none,0,0,DEST_BAY_04,35.0,1.1756,0,0,0.1986
5.65,113,7.025,1.9693,-0.1025,1.4996,-0.1843,7.025,1.9691,-0.0878,1.5,-0.1229,0.0071,-0.0055,-0.0004,0.0,0.0006,-0.1464,-0.0009,0.0093,12.572,1,999.0,none,0,0,DEST_BAY_04,35.0,1.1756,0,0,0.2007
5.7,114,7.0996,1.9616,-0.1116,1.4996,-0.1825,7.0996,1.9622,-0.097,1.5,-0.1222,0.0071,-0.0055,-0.0004,0.0,0.0006,-0.145,-0.0009,0.0286,7.705,1,999.0,none,0,0,DEST_BAY_04,35.0,1.1756,0,0,0.2028
5.75,115,7.1741,1.9533,-0.1206,1.4996,-0.1807,7.1741,1.9546,-0.1061,1.5,-0.1214,0.007,-0.0055,-0.0004,0.0,0.0005,-0.1436,-0.0008,0.0275,8.371,1,999.0,none,0,0,DEST_BAY_04,35.0,1.1756,0,0,0.205
5.8,116,7.2486,1.9442,-0.1297,1.4997,-0.1815,7.2486,1.9463,-0.1152,1.5,-0.1205,0.0069,-0.0054,-0.0004,0.0,0.0005,-0.1442,-0.0008,-0.0124,8.682,1,999.0,none,0,0,DEST_BAY_04,35.0,1.1756,0,0,0.2071
5.85,117,7.3229,1.9345,-0.1387,1.4997,-0.1796,7.3229,1.9373,-0.1242,1.5,-0.1196,0.0068,-0.0055,-0.0003,0.0,0.0005,-0.1428,-0.0007,0.0292,7.955,1,999.0,none,0,0,DEST_BAY_04,35.0,1.1756,0,0,0.2092
5.9,118,7.3972,1.9242,-0.1475,1.4997,-0.177,7.3972,1.9277,-0.1331,1.5,-0.1186,0.0068,-0.0056,-0.0003,0.0,0.0004,-0.1407,-0.0007,0.0407,10.945,1,999.0,none,0,0,DEST_BAY_04,35.0,1.1756,0,0,0.2113
5.95,119,7.4713,1.9132,-0.1563,1.4997,-0.176,7.4713,1.9174,-0.142,1.5,-0.1175,0.0067,-0.0056,-0.0003,0.0,0.0004,-0.1399,-0.0006,0.0162,11.102,1,999.0,none,0,0,DEST_BAY_04,35.0,1.1756,0,0,0.2135
6.0,120,7.5454,1.9015,-0.1651,1.4998,-0.1746,7.5454,1.9065,-0.1507,1.5,-0.1164,0.0066,-0.0056,-0.0003,0.0,0.0004,-0.1388,-0.0006,0.0221,10.494,1,999.0,none,0,0,DEST_BAY_04,35.0,1.1756,0,0,0.2156
6.05,121,7.6194,1.8892,-0.1736,1.4998,-0.1715,7.6194,1.8949,-0.1594,1.5,-0.1152,0.0065,-0.0056,-0.0002,0.0,0.0003,-0.1364,-0.0005,0.0487,13.089,1,999.0,none,0,0,DEST_BAY_04,35.0,1.1756,0,0,0.2177
6.1,122,7.6932,1.8762,-0.1821,1.4998,-0.1697,7.6932,1.8827,-0.168,1.5,-0.114,0.0064,-0.0056,-0.0002,0.0,0.0003,-0.1349,-0.0005,0.0286,8.704,1,999.0,none,0,0,DEST_BAY_04,35.0,1.1756,0,0,0.2198
6.15,123,7.767,1.8626,-0.1905,1.4998,-0.167,7.767,1.8699,-0.1765,1.5,-0.1127,0.0062,-0.0056,-0.0002,0.0,0.0003,-0.1328,-0.0005,0.0426,9.693,1,999.0,none,0,0,DEST_BAY_04,35.0,1.1756,0,0,0.2219
6.2,124,7.8406,1.8484,-0.1988,1.4998,-0.1662,7.8406,1.8564,-0.1849,1.5,-0.1114,0.0061,-0.0056,-0.0002,0.0,0.0003,-0.1322,-0.0004,0.013,9.192,1,999.0,none,0,0,DEST_BAY_04,35.0,1.1756,0,0,0.224
6.25,125,7.9141,1.8336,-0.207,1.4998,-0.1642,7.9141,1.8423,-0.1932,1.5,-0.11,0.006,-0.0056,-0.0002,0.0,0.0003,-0.1306,-0.0004,0.0312,11.937,1,999.0,none,0,0,DEST_BAY_04,35.0,1.1756,0,0,0.2261
6.3,126,7.9875,1.8182,-0.215,1.4998,-0.1608,7.9875,1.8276,-0.2014,1.5,-0.1086,0.0059,-0.0056,-0.0002,0.0,0.0002,-0.1279,-0.0004,0.0532,13.49,1,999.0,none,0,0,DEST_BAY_04,35.0,1.1756,0,0,0.2282
6.35,127,8.0608,1.8022,-0.223,1.4998,-0.1589,8.0608,1.8123,-0.2095,1.5,-0.1071,0.0058,-0.0055,-0.0002,0.0,0.0002,-0.1264,-0.0003,0.0304,13.475,1,999.0,none,0,0,DEST_BAY_04,35.0,1.1756,0,0,0.2303
6.4,128,8.1339,1.7856,-0.2308,1.4999,-0.1565,8.1339,1.7964,-0.2175,1.5,-0.1056,0.0056,-0.0055,-0.0002,0.0,0.0002,-0.1245,-0.0003,0.038,8.871,1,999.0,none,0,0,DEST_BAY_04,35.0,1.1756,0,0,0.2324
6.45,129,8.2069,1.7685,-0.2385,1.4999,-0.1543,8.2069,1.78,-0.2253,1.5,-0.1041,0.0055,-0.0055,-0.0001,0.0,0.0002,-0.1228,-0.0003,0.0342,13.08,1,999.0,none,0,0,DEST_BAY_04,35.0,1.1756,0,0,0.2345
6.5,130,8.2798,1.7508,-0.2461,1.4999,-0.1511,8.2798,1.7629,-0.2331,1.5,-0.1026,0.0054,-0.0054,-0.0001,0.0,0.0002,-0.1203,-0.0003,0.0503,9.528,1,999.0,none,0,0,DEST_BAY_04,35.0,1.1756,0,0,0.2366
6.55,131,8.3525,1.7325,-0.2536,1.4999,-0.1505,8.3525,1.7453,-0.2407,1.5,-0.101,0.0053,-0.0054,-0.0001,0.0,0.0002,-0.1199,-0.0003,0.009,8.194,1,999.0,none,0,0,DEST_BAY_04,35.0,1.1756,0,0,0.2386
6.6,132,8.4251,1.7137,-0.2609,1.4999,-0.1466,8.4251,1.7272,-0.2482,1.5,-0.0994,0.0051,-0.0054,-0.0001,0.0,0.0002,-0.1167,-0.0002,0.0626,11.054,1,999.0,none,0,0,DEST_BAY_04,35.0,1.1756,0,0,0.2407
6.65,133,8.4976,1.6943,-0.2682,1.4999,-0.1454,8.4976,1.7085,-0.2556,1.5,-0.0977,0.005,-0.0053,-0.0001,0.0,0.0001,-0.1158,-0.0002,0.0184,13.42,1,999.0,none,0,0,DEST_BAY_04,35.0,1.1756,0,0,0.2428
6.7,134,8.5699,1.6745,-0.2753,1.4999,-0.1419,8.5699,1.6893,-0.2629,1.5,-0.0961,0.0049,-0.0053,-0.0001,0.0,0.0001,-0.1131,-0.0002,0.0545,12.348,1,999.0,none,0,0,DEST_BAY_04,35.0,1.1756,0,0,0.2449
6.75,135,8.6421,1.6541,-0.2822,1.4999,-0.1394,8.6421,1.6696,-0.27,1.5,-0.0944,0.0047,-0.0053,-0.0001,0.0,0.0001,-0.111,-0.0002,0.0409,9.086,1,999.0,none,0,0,DEST_BAY_04,35.0,1.1756,0,0,0.2469
6.8,136,8.7141,1.6332,-0.2891,1.4999,-0.1374,8.7141,1.6493,-0.277,1.5,-0.0927,0.0046,-0.0052,-0.0001,0.0,0.0001,-0.1095,-0.0002,0.0304,8.046,1,999.0,none,0,0,DEST_BAY_04,35.0,1.1756,0,0,0.249
6.85,137,8.786,1.6118,-0.2959,1.4999,-0.1352,8.786,1.6286,-0.2839,1.5,-0.091,0.0044,-0.0052,-0.0001,0.0,0.0001,-0.1078,-0.0002,0.0348,7.927,1,999.0,none,0,0,DEST_BAY_04,35.0,1.1756,0,0,0.251
6.9,138,8.8577,1.5899,-0.3024,1.4999,-0.1306,8.8577,1.6073,-0.2906,1.5,-0.0893,0.0043,-0.0052,-0.0001,0.0,0.0001,-0.1041,-0.0002,0.0738,8.916,1,999.0,none,0,0,DEST_BAY_04,35.0,1.1756,0,0,0.2531
6.95,139,8.9293,1.5676,-0.3088,1.4999,-0.1281,8.9293,1.5856,-0.2973,1.5,-0.0875,0.0041,-0.0051,-0.0001,0.0,0.0001,-0.1021,-0.0001,0.0396,11.01,1,999.0,none,0,0,DEST_BAY_04,35.0,1.1756,0,0,0.2551
7.0,140,9.0008,1.5448,-0.3151,1.4999,-0.126,9.0008,1.5634,-0.3038,1.5,-0.0858,0.004,-0.005,-0.0001,0.0,0.0001,-0.1005,-0.0001,0.0327,11.196,1,999.0,none,0,0,DEST_BAY_04,35.0,1.1756,0,0,0.2572
7.05,141,9.0721,1.5216,-0.3213,1.4999,-0.1236,9.0721,1.5408,-0.3101,1.5,-0.084,0.0038,-0.005,-0.0001,0.0,0.0001,-0.0986,-0.0001,0.0375,8.863,1,999.0,none,0,0,DEST_BAY_04,35.0,1.1756,0,0,0.2592
7.1,142,9.1432,1.4979,-0.3274,1.4999,-0.1219,9.1432,1.5177,-0.3164,1.5,-0.0823,0.0037,-0.0049,-0.0001,0.0,0.0001,-0.0972,-0.0001,0.0282,12.53,1,999.0,none,0,0,DEST_BAY_04,35.0,1.1756,0,0,0.2612
7.15,143,9.2143,1.4738,-0.3333,1.5,-0.1176,9.2143,1.4941,-0.3225,1.5,-0.0805,0.0035,-0.0049,-0.0001,0.0,0.0001,-0.0938,-0.0001,0.0676,7.781,1,999.0,none,0,0,DEST_BAY_04,35.0,1.1756,0,0,0.2633
7.2,144,9.2851,1.4492,-0.339,1.5,-0.1154,9.2851,1.4702,-0.3284,1.5,-0.0788,0.0034,-0.0048,-0.0,0.0,0.0001,-0.0921,-0.0001,0.034,7.222,1,999.0,none,0,0,DEST_BAY_04,35.0,1.1756,0,0,0.2653
7.25,145,9.3559,1.4243,-0.3446,1.5,-0.112,9.3559,1.4458,-0.3343,1.5,-0.077,0.0032,-0.0048,-0.0,0.0,0.0001,-0.0894,-0.0001,0.0542,12.058,1,999.0,none,0,0,DEST_BAY_04,35.0,1.1756,0,0,0.2673
7.3,146,9.4264,1.399,-0.3501,1.5,-0.1099,9.4264,1.421,-0.34,1.5,-0.0752,0.0031,-0.0047,-0.0,0.0,0.0001,-0.0877,-0.0001,0.0337,11.87,1,999.0,none,0,0,DEST_BAY_04,35.0,1.1756,0,0,0.2693
7.35,147,9.4969,1.3732,-0.3555,1.5,-0.1072,9.4969,1.3958,-0.3456,1.5,-0.0734,0.003,-0.0046,-0.0,0.0,0.0001,-0.0856,-0.0001,0.0423,10.676,1,999.0,none,0,0,DEST_BAY_04,35.0,1.1756,0,0,0.2713
7.4,148,9.5672,1.3471,-0.3607,1.5,-0.1042,9.5672,1.3702,-0.351,1.5,-0.0717,0.0028,-0.0045,-0.0,0.0,0.0,-0.0832,-0.0001,0.0477,7.674,1,999.0,none,0,0,DEST_BAY_04,35.0,1.1756,0,0,0.2733
7.45,149,9.6374,1.3207,-0.3658,1.5,-0.1014,9.6374,1.3443,-0.3563,1.5,-0.0699,0.0027,-0.0044,-0.0,0.0,0.0,-0.081,-0.0001,0.0445,12.764,1,999.0,none,0,0,DEST_BAY_04,35.0,1.1756,0,0,0.2754
7.5,150,9.7074,1.2938,-0.3707,1.5,-0.0982,9.7074,1.318,-0.3615,1.5,-0.0681,0.0025,-0.0043,-0.0,0.0,0.0,-0.0784,-0.0001,0.0521,12.458,1,999.0,none,0,0,DEST_BAY_04,35.0,1.1756,0,0,0.2774
7.55,151,9.7773,1.2667,-0.3755,1.5,-0.0967,9.7773,1.2913,-0.3665,1.5,-0.0664,0.0024,-0.0042,-0.0,0.0,0.0,-0.0772,-0.0001,0.024,10.87,1,999.0,none,0,0,DEST_BAY_04,35.0,1.1756,0,0,0.2794
7.6,152,9.8471,1.2392,-0.3802,1.5,-0.0933,9.8471,1.2642,-0.3714,1.5,-0.0646,0.0023,-0.0041,-0.0,0.0,0.0,-0.0745,-0.0001,0.0528,9.142,1,999.0,none,0,0,DEST_BAY_04,35.0,1.1756,0,0,0.2813
7.65,153,9.9167,1.2113,-0.3847,1.5,-0.0907,9.9167,1.2369,-0.3762,1.5,-0.0629,0.0021,-0.004,-0.0,0.0,0.0,-0.0724,-0.0001,0.0427,12.864,1,999.0,none,0,0,DEST_BAY_04,35.0,1.1756,0,0,0.2833
7.7,154,9.9862,1.1832,-0.3891,1.5,-0.088,9.9862,1.2092,-0.3808,1.5,-0.0611,0.002,-0.0039,-0.0,0.0,0.0,-0.0703,-0.0,0.0429,12.863,1,999.0,none,0,0,DEST_BAY_04,35.0,1.1756,0,0,0.2853
7.75,155,10.0556,1.1547,-0.3935,1.5,-0.0869,10.0556,1.1812,-0.3854,1.5,-0.0594,0.0019,-0.0038,-0.0,0.0,0.0,-0.0694,-0.0,0.0164,8.523,1,999.0,none,0,0,DEST_BAY_04,35.0,1.1756,0,0,0.2873
7.8,156,10.1249,1.126,-0.3976,1.5,-0.083,10.1249,1.1528,-0.3897,1.5,-0.0576,0.0018,-0.0037,-0.0,0.0,0.0,-0.0663,-0.0,0.0617,12.115,1,999.0,none,0,0,DEST_BAY_04,35.0,1.1756,0,0,0.2893
7.85,157,10.1941,1.0969,-0.4016,1.5,-0.0802,10.1941,1.1242,-0.394,1.5,-0.0559,0.0016,-0.0036,-0.0,0.0,0.0,-0.0641,-0.0,0.0457,12.77,1,999.0,none,0,0,DEST_BAY_04,35.0,1.1756,0,0,0.2913
7.9,158,10.2631,1.0676,-0.4056,1.5,-0.0787,10.2631,1.0953,-0.3981,1.5,-0.0542,0.0015,-0.0035,-0.0,0.0,0.0,-0.0628,-0.0,0.0243,8.174,1,999.0,none,0,0,DEST_BAY_04,35.0,1.1756,0,0,0.2932
7.95,159,10.332,1.038,-0.4093,1.5,-0.0748,10.332,1.0661,-0.4021,1.5,-0.0525,0.0014,-0.0034,-0.0,0.0,0.0,-0.0598,-0.0,0.0608,13.058,1,999.0,none,0,0,DEST_BAY_04,35.0,1.1756,0,0,0.2952
8.0,160,10.4008,1.0082,-0.4129,1.5,-0.0717,10.4008,1.0366,-0.406,1.5,-0.0508,0.0013,-0.0033,-0.0,0.0,0.0,-0.0573,-0.0,0.0502,12.308,1,999.0,none,0,0,DEST_BAY_04,35.0,1.1756,0,0,0.2972
8.05,161,10.4695,0.9781,-0.4165,1.5,-0.0717,10.4695,1.0069,-0.4097,1.5,-0.0491,0.0012,-0.0032,-0.0,0.0,0.0,-0.0573,-0.0,0.0003,12.753,1,999.0,none,0,0,DEST_BAY_04,35.0,1.1756,0,0,0.2991
8.1,162,10.5381,0.9477,-0.4198,1.5,-0.0668,10.5381,0.9769,-0.4133,1.5,-0.0474,0.0011,-0.0031,-0.0,0.0,0.0,-0.0534,-0.0,0.0781,9.293,1,999.0,none,0,0,DEST_BAY_04,35.0,1.1756,0,0,0.3011
8.15,163,10.6066,0.9172,-0.4231,1.5,-0.0652,10.6066,0.9467,-0.4168,1.5,-0.0457,0.001,-0.003,-0.0,0.0,0.0,-0.0521,-0.0,0.025,13.064,1,999.0,none,0,0,DEST_BAY_04,35.0,1.1756,0,0,0.303
8.2,164,10.675,0.8864,-0.4262,1.5,-0.0625,10.675,0.9162,-0.4202,1.5,-0.044,0.0009,-0.0029,-0.0,0.0,0.0,-0.05,-0.0,0.0432,12.308,1,999.0,none,0,0,DEST_BAY_04,35.0,1.1756,0,0,0.305
8.25,165,10.7433,0.8554,-0.4293,1.5,-0.0617,10.7433,0.8855,-0.4234,1.5,-0.0424,0.0008,-0.0028,-0.0,0.0,0.0,-0.0493,-0.0,0.0135,8.881,1,999.0,none,0,0,DEST_BAY_04,35.0,1.1756,0,0,0.307
8.3,166,10.8115,0.8242,-0.4322,1.5,-0.0579,10.8115,0.8546,-0.4266,1.5,-0.0407,0.0007,-0.0027,-0.0,0.0,0.0,-0.0463,-0.0,0.0605,12.695,1,999.0,none,0,0,DEST_BAY_04,35.0,1.1756,0,0,0.3089
8.35,167,10.8796,0.7927,-0.435,1.5,-0.0558,10.8796,0.8235,-0.4295,1.5,-0.0391,0.0006,-0.0026,-0.0,0.0,0.0,-0.0446,-0.0,0.033,12.609,1,999.0,none,0,0,DEST_BAY_04,35.0,1.1756,0,0,0.3108
8.4,168,10.9476,0.7611,-0.4376,1.5,-0.0529,10.9476,0.7922,-0.4324,1.5,-0.0375,0.0005,-0.0025,-0.0,0.0,0.0,-0.0423,-0.0,0.0468,10.1,1,999.0,none,0,0,DEST_BAY_04,35.0,1.1756,0,0,0.3128
8.45,169,11.0155,0.7294,-0.4401,1.5,-0.0496,11.0155,0.7607,-0.4352,1.5,-0.0358,0.0004,-0.0024,-0.0,0.0,0.0,-0.0396,-0.0,0.0532,9.123,1,999.0,none,0,0,DEST_BAY_04,35.0,1.1756,0,0,0.3147
8.5,170,11.0834,0.6974,-0.4425,1.5,-0.0482,11.0834,0.729,-0.4378,1.5,-0.0342,0.0003,-0.0023,-0.0,0.0,0.0,-0.0386,-0.0,0.0208,7.349,1,999.0,none,0,0,DEST_BAY_04,35.0,1.1756,0,0,0.3167
8.55,171,11.1511,0.6653,-0.4448,1.5,-0.0464,11.1511,0.6971,-0.4403,1.5,-0.0326,0.0003,-0.0022,-0.0,0.0,0.0,-0.0371,-0.0,0.029,8.417,1,999.0,none,0,0,DEST_BAY_04,35.0,1.1756,0,0,0.3186
8.6,172,11.2188,0.633,-0.447,1.5,-0.0442,11.2188,0.6651,-0.4427,1.5,-0.031,0.0002,-0.0021,-0.0,0.0,0.0,-0.0353,-0.0,0.0358,13.291,1,999.0,none,0,0,DEST_BAY_04,35.0,1.1756,0,0,0.3205
8.65,173,11.2865,0.6006,-0.449,1.5,-0.0401,11.2865,0.6329,-0.4449,1.5,-0.0294,0.0001,-0.0021,-0.0,0.0,0.0,-0.0321,-0.0,0.0654,8.958,1,999.0,none,0,0,DEST_BAY_04,35.0,1.1756,0,0,0.3225
8.7,174,11.354,0.568,-0.451,1.5,-0.0393,11.354,0.6006,-0.4471,1.5,-0.0278,0.0,-0.002,-0.0,0.0,0.0,-0.0315,-0.0,0.0122,13.381,1,999.0,none,0,0,DEST_BAY_04,35.0,1.1756,0,0,0.3244
8.75,175,11.4215,0.5354,-0.4528,1.5,-0.0371,11.4215,0.5681,-0.4491,1.5,-0.0262,-0.0,-0.0019,-0.0,0.0,0.0,-0.0296,-0.0,0.0363,10.578,1,999.0,none,0,0,DEST_BAY_04,35.0,1.1756,0,0,0.3263
8.8,176,11.489,0.5025,-0.4545,1.5,-0.0339,11.489,0.5355,-0.451,1.5,-0.0247,-0.0001,-0.0018,-0.0,0.0,0.0,-0.0271,-0.0,0.0502,13.314,1,999.0,none,0,0,DEST_BAY_04,35.0,1.1756,0,0,0.3283
8.85,177,11.5564,0.4696,-0.4561,1.5,-0.032,11.5564,0.5027,-0.4528,1.5,-0.0231,-0.0002,-0.0017,-0.0,0.0,0.0,-0.0256,-0.0,0.0303,8.325,1,999.0,none,0,0,DEST_BAY_04,35.0,1.1756,0,0,0.3302
8.9,178,11.6237,0.4366,-0.4576,1.5,-0.0291,11.6237,0.4699,-0.4545,1.5,-0.0215,-0.0003,-0.0017,-0.0,0.0,0.0,-0.0233,-0.0,0.0465,7.883,1,999.0,none,0,0,DEST_BAY_04,35.0,1.1756,0,0,0.3321
8.95,179,11.691,0.4034,-0.459,1.5,-0.0275,11.691,0.4369,-0.456,1.5,-0.02,-0.0003,-0.0016,-0.0,0.0,0.0,-0.022,-0.0,0.0268,9.938,1,999.0,none,0,0,DEST_BAY_04,35.0,1.1756,0,0,0.334
9.0,180,11.7582,0.3702,-0.4602,1.5,-0.0251,11.7582,0.4039,-0.4575,1.5,-0.0184,-0.0004,-0.0015,-0.0,0.0,0.0,-0.0201,-0.0,0.0375,11.019,1,999.0,none,0,0,DEST_BAY_04,35.0,1.1756,0,0,0.3359
9.05,181,11.8254,0.3369,-0.4614,1.5,-0.0233,11.8254,0.3707,-0.4588,1.5,-0.0169,-0.0004,-0.0014,-0.0,0.0,0.0,-0.0186,-0.0,0.0292,10.422,1,999.0,none,0,0,DEST_BAY_04,35.0,1.1756,0,0,0.3379
9.1,182,11.8926,0.3035,-0.4624,1.5,-0.021,11.8926,0.3375,-0.46,1.5,-0.0153,-0.0005,-0.0014,-0.0,0.0,0.0,-0.0168,-0.0,0.0358,8.805,1,999.0,none,0,0,DEST_BAY_04,35.0,1.1756,0,0,0.3398
9.15,183,11.9597,0.2701,-0.4633,1.5,-0.0176,11.9597,0.3041,-0.4611,1.5,-0.0138,-0.0006,-0.0014,-0.0,0.0,0.0,-0.0141,-0.0,0.0556,11.665,1,999.0,none,0,0,DEST_BAY_04,35.0,1.1756,0,0,0.3417
9.2,184,12.0268,0.2365,-0.464,1.5,-0.0145,12.0268,0.2708,-0.4621,1.5,-0.0123,-0.0006,-0.0013,-0.0,0.0,0.0,-0.0116,-0.0,0.0498,10.592,1,999.0,none,0,0,DEST_BAY_04,35.0,1.1756,0,0,0.3436
9.25,185,12.0938,0.203,-0.4647,1.5,-0.0137,12.0938,0.2373,-0.4629,1.5,-0.0107,-0.0007,-0.0011,-0.0,0.0,0.0,-0.011,-0.0,0.012,11.732,1,999.0,none,0,0,DEST_BAY_04,35.0,1.1756,0,0,0.3455
9.3,186,12.1609,0.1694,-0.4653,1.5,-0.0115,12.1609,0.2038,-0.4637,1.5,-0.0092,-0.0007,-0.0011,-0.0,0.0,0.0,-0.0092,-0.0,0.0352,9.495,1,999.0,none,0,0,DEST_BAY_04,35.0,1.1756,0,0,0.3475
9.35,187,12.2279,0.1357,-0.4658,1.5,-0.0101,12.2279,0.1702,-0.4643,1.5,-0.0077,-0.0008,-0.001,-0.0,0.0,0.0,-0.0081,-0.0,0.0221,7.641,1,999.0,none,0,0,DEST_BAY_04,35.0,1.1756,0,0,0.3494
9.4,188,12.2949,0.102,-0.4662,1.5,-0.0072,12.2949,0.1367,-0.4648,1.5,-0.0062,-0.0009,-0.001,-0.0,0.0,0.0,-0.0057,-0.0,0.0475,9.178,1,999.0,none,0,0,DEST_BAY_04,35.0,1.1756,0,0,0.3513
9.45,189,12.3619,0.0683,-0.4664,1.5,-0.0051,12.3619,0.103,-0.4652,1.5,-0.0046,-0.0009,-0.0009,-0.0,0.0,0.0,-0.0041,-0.0,0.0333,12.542,1,999.0,none,0,0,DEST_BAY_04,35.0,1.1756,0,0,0.3532
9.5,190,12.4289,0.0346,-0.4665,1.5,-0.0024,12.4289,0.0694,-0.4655,1.5,-0.0031,-0.001,-0.0009,-0.0,0.0,0.0,-0.0019,-0.0,0.0427,9.148,1,999.0,none,0,0,DEST_BAY_04,35.0,1.1756,0,0,0.3551
9.55,191,12.4959,0.0008,-0.4666,1.5,-0.0006,12.4959,0.0357,-0.4657,1.5,-0.0016,-0.001,-0.0008,-0.0,0.0,0.0,-0.0004,-0.0,0.0295,9.773,1,999.0,none,0,0,DEST_BAY_04,35.0,1.1756,0,0,0.357
9.6,192,12.5629,-0.0329,-0.4665,1.5,0.0018,12.5629,0.0021,-0.4658,1.5,-0.0001,-0.0011,-0.0008,-0.0,0.0,0.0,0.0015,-0.0,0.0381,8.002,1,999.0,none,0,0,DEST_BAY_04,35.0,1.1756,0,0,0.3589
9.65,193,12.6299,-0.0666,-0.4662,1.5,0.0048,12.6299,-0.0316,-0.4657,1.5,0.0014,-0.0012,-0.0008,-0.0,0.0,0.0,0.0039,-0.0,0.0482,9.849,1,999.0,none,0,0,DEST_BAY_04,35.0,1.1756,0,0,0.3609
9.7,194,12.6969,-0.1003,-0.4659,1.5,0.0076,12.6969,-0.0653,-0.4656,1.5,0.0029,-0.0012,-0.0007,-0.0,0.0,0.0,0.0061,-0.0,0.0449,12.888,1,999.0,none,0,0,DEST_BAY_04,35.0,1.1756,0,0,0.3628
9.75,195,12.7639,-0.134,-0.4654,1.5,0.0086,12.7639,-0.0989,-0.4653,1.5,0.0045,-0.0013,-0.0006,-0.0,0.0,0.0,0.0069,-0.0,0.0156,11.078,1,999.0,none,0,0,DEST_BAY_04,35.0,1.1756,0,0,0.3647
9.8,196,12.8309,-0.1677,-0.4649,1.5,0.011,12.8309,-0.1325,-0.4649,1.5,0.006,-0.0013,-0.0005,-0.0,0.0,0.0,0.0088,-0.0,0.0381,7.203,1,999.0,none,0,0,DEST_BAY_04,35.0,1.1756,0,0,0.3666
9.85,197,12.8979,-0.2013,-0.4642,1.5,0.0143,12.8979,-0.1661,-0.4644,1.5,0.0075,-0.0014,-0.0005,-0.0,0.0,0.0,0.0114,-0.0,0.0525,9.008,1,999.0,none,0,0,DEST_BAY_04,35.0,1.1756,0,0,0.3685
9.9,198,12.965,-0.2349,-0.4634,1.5,0.015,12.965,-0.1997,-0.4638,1.5,0.009,-0.0015,-0.0004,-0.0,0.0,0.0,0.012,-0.0,0.0116,11.325,1,999.0,none,0,0,DEST_BAY_04,35.0,1.1756,0,0,0.3704
9.95,199,13.0321,-0.2684,-0.4625,1.5,0.0184,13.0321,-0.2332,-0.463,1.5,0.0105,-0.0015,-0.0004,-0.0,0.0,0.0,0.0147,-0.0,0.0548,10.129,1,999.0,none,0,0,DEST_BAY_04,35.0,1.1756,0,0,0.3723
10.0,200,13.0992,-0.3019,-0.4615,1.5,0.0199,13.0992,-0.2667,-0.4622,1.5,0.0121,-0.0016,-0.0003,-0.0,0.0,0.0,0.0159,-0.0,0.024,10.181,1,999.0,none,0,0,DEST_BAY_04,35.0,1.1756,0,0,0.3743
10.05,201,13.1664,-0.3353,-0.4604,1.5,0.0228,13.1664,-0.3001,-0.4612,1.5,0.0136,-0.0016,-0.0003,-0.0,0.0,0.0,0.0182,-0.0,0.046,12.877,1,999.0,none,0,0,DEST_BAY_04,35.0,1.1756,0,0,0.3762
10.1,202,13.2336,-0.3686,-0.4591,1.5,0.025,13.2336,-0.3334,-0.4601,1.5,0.0151,-0.0017,-0.0002,-0.0,0.0,0.0,0.02,-0.0,0.0358,7.734,1,999.0,none,0,0,DEST_BAY_04,35.0,1.1756,0,0,0.3781
10.15,203,13.3008,-0.4018,-0.4578,1.5,0.0269,13.3008,-0.3666,-0.4589,1.5,0.0167,-0.0018,-0.0002,-0.0,0.0,0.0,0.0215,-0.0,0.0291,10.447,1,999.0,none,0,0,DEST_BAY_04,35.0,1.1756,0,0,0.38
10.2,204,13.3681,-0.435,-0.4563,1.5,0.0292,13.3681,-0.3998,-0.4576,1.5,0.0182,-0.0018,-0.0001,-0.0,0.0,0.0,0.0233,-0.0,0.0372,12.356,1,999.0,none,0,0,DEST_BAY_04,35.0,1.1756,0,0,0.3819
10.25,205,13.4354,-0.468,-0.4547,1.5,0.0315,13.4354,-0.4329,-0.4562,1.5,0.0198,-0.0019,-0.0001,-0.0,0.0,0.0,0.0252,-0.0,0.0369,11.932,1,999.0,none,0,0,DEST_BAY_04,35.0,1.1756,0,0,0.3839
10.3,206,13.5028,-0.501,-0.453,1.5,0.0341,13.5028,-0.4659,-0.4547,1.5,0.0213,-0.0019,-0.0001,-0.0,0.0,0.0,0.0272,-0.0,0.0411,8.455,1,999.0,none,0,0,DEST_BAY_04,35.0,1.1756,0,0,0.3858
10.35,207,13.5702,-0.5338,-0.4512,1.5,0.0362,13.5702,-0.4987,-0.453,1.5,0.0229,-0.002,-0.0,-0.0,0.0,0.0,0.029,-0.0,0.0346,7.354,1,999.0,none,0,0,DEST_BAY_04,35.0,1.1756,0,0,0.3877
10.4,208,13.6377,-0.5665,-0.4493,1.5,0.039,13.6377,-0.5315,-0.4512,1.5,0.0245,-0.0021,0.0,-0.0,0.0,0.0,0.0312,-0.0,0.0447,12.553,1,999.0,none,0,0,DEST_BAY_04,35.0,1.1756,0,0,0.3896
10.45,209,13.7053,-0.5991,-0.4472,1.5,0.0421,13.7053,-0.5641,-0.4493,1.5,0.026,-0.0022,0.0001,-0.0,0.0,0.0,0.0336,-0.0,0.0486,7.659,1,999.0,none,0,0,DEST_BAY_04,35.0,1.1756,0,0,0.3916
10.5,210,13.7729,-0.6315,-0.445,1.5,0.0429,13.7729,-0.5966,-0.4473,1.5,0.0276,-0.0022,0.0002,-0.0,0.0,0.0,0.0343,-0.0,0.0136,8.425,1,999.0,none,0,0,DEST_BAY_04,35.0,1.1756,0,0,0.3935
10.55,211,13.8406,-0.6638,-0.4427,1.5,0.0466,13.8406,-0.629,-0.4452,1.5,0.0292,-0.0023,0.0002,-0.0,0.0,0.0,0.0372,-0.0,0.0582,11.587,1,999.0,none,0,0,DEST_BAY_04,35.0,1.1756,0,0,0.3954
10.6,212,13.9083,-0.6959,-0.4403,1.5,0.048,13.9083,-0.6612,-0.443,1.5,0.0308,-0.0024,0.0003,-0.0,0.0,0.0,0.0384,-0.0,0.023,11.333,1,999.0,none,0,0,DEST_BAY_04,35.0,1.1756,0,0,0.3974
10.65,213,13.9762,-0.7279,-0.4377,1.5,0.0509,13.9762,-0.6932,-0.4406,1.5,0.0324,-0.0024,0.0003,-0.0,0.0,0.0,0.0407,-0.0,0.0467,7.235,1,999.0,none,0,0,DEST_BAY_04,35.0,1.1756,0,0,0.3993
10.7,214,14.0441,-0.7597,-0.4351,1.5,0.0533,14.0441,-0.7251,-0.4381,1.5,0.034,-0.0025,0.0004,-0.0,0.0,0.0,0.0426,-0.0,0.0384,7.871,1,999.0,none,0,0,DEST_BAY_04,35.0,1.1756,0,0,0.4013
10.75,215,14.1121,-0.7913,-0.4323,1.5,0.0547,14.1121,-0.7568,-0.4355,1.5,0.0356,-0.0026,0.0004,-0.0,0.0,0.0,0.0437,-0.0,0.0215,9.878,1,999.0,none,0,0,DEST_BAY_04,35.0,1.1756,0,0,0.4032
10.8,216,14.1802,-0.8227,-0.4294,1.5,0.059,14.1802,-0.7884,-0.4328,1.5,0.0373,-0.0027,0.0004,-0.0,0.0,0.0,0.0471,-0.0,0.0687,10.463,1,999.0,none,0,0,DEST_BAY_04,35.0,1.1756,0,0,0.4051
10.85,217,14.2484,-0.8539,-0.4263,1.5,0.0621,14.2484,-0.8197,-0.4299,1.5,0.0389,-0.0027,0.0005,-0.0,0.0,0.0,0.0496,-0.0,0.0496,7.516,1,999.0,none,0,0,DEST_BAY_04,35.0,1.1756,0,0,0.4071
10.9,218,14.3167,-0.8849,-0.4231,1.5,0.063,14.3167,-0.8508,-0.4269,1.5,0.0405,-0.0028,0.0006,-0.0,0.0,0.0,0.0504,-0.0,0.0154,10.076,1,999.0,none,0,0,DEST_BAY_04,35.0,1.1756,0,0,0.409
10.95,219,14.3851,-0.9157,-0.4198,1.5,0.0667,14.3851,-0.8818,-0.4238,1.5,0.0422,-0.0029,0.0007,-0.0,0.0,0.0,0.0533,-0.0,0.0589,12.249,1,999.0,none,0,0,DEST_BAY_04,35.0,1.1756,0,0,0.411
11.0,220,14.4536,-0.9463,-0.4164,1.5,0.067,14.4536,-0.9125,-0.4206,1.5,0.0438,-0.003,0.0008,-0.0,0.0,0.0,0.0536,-0.0,0.0043,10.951,1,999.0,none,0,0,DEST_BAY_04,35.0,1.1756,0,0,0.413
11.05,221,14.5222,-0.9766,-0.413,1.5,0.0689,14.5222,-0.943,-0.4172,1.5,0.0455,-0.003,0.0008,-0.0,0.0,0.0,0.0551,-0.0,0.03,13.185,1,999.0,none,0,0,DEST_BAY_04,35.0,1.1756,0,0,0.4149
11.1,222,14.5909,-1.0067,-0.4093,1.5,0.0738,14.5909,-0.9733,-0.4138,1.5,0.0472,-0.0031,0.0008,-0.0,0.0,0.0,0.059,-0.0,0.0787,11.731,1,999.0,none,0,0,DEST_BAY_04,35.0,1.1756,0,0,0.4169
11.15,223,14.6597,-1.0366,-0.4055,1.5,0.0751,14.6597,-1.0033,-0.4102,1.5,0.0489,-0.0032,0.0009,-0.0,0.0,0.0,0.06,-0.0,0.0203,10.38,1,999.0,none,0,0,DEST_BAY_04,35.0,1.1756,0,0,0.4188
11.2,224,14.7286,-1.0662,-0.4016,1.5,0.0786,14.7286,-1.033,-0.4064,1.5,0.0506,-0.0033,0.0009,-0.0,0.0,0.0,0.0628,-0.0,0.0561,12.852,1,999.0,none,0,0,DEST_BAY_04,35.0,1.1756,0,0,0.4208
11.25,225,14.7976,-1.0955,-0.3976,1.5,0.0801,14.7976,-1.0626,-0.4026,1.5,0.0523,-0.0033,0.001,-0.0,0.0,0.0,0.064,-0.0,0.0233,11.885,1,999.0,none,0,0,DEST_BAY_04,35.0,1.1756,0,0,0.4228
11.3,226,14.8668,-1.1245,-0.3935,1.5,0.0829,14.8668,-1.0918,-0.3986,1.5,0.054,-0.0034,0.001,-0.0,0.0,0.0,0.0662,-0.0,0.0452,8.758,1,999.0,none,0,0,DEST_BAY_04,35.0,1.1756,0,0,0.4248
11.35,227,14.936,-1.1533,-0.3892,1.5,0.0861,14.936,-1.1207,-0.3945,1.5,0.0557,-0.0035,0.001,-0.0,0.0,0.0,0.0688,-0.0,0.0507,11.217,1,999.0,none,0,0,DEST_BAY_04,35.0,1.1756,0,0,0.4267
11.4,228,15.0054,-1.1817,-0.3847,1.5,0.0887,15.0054,-1.1494,-0.3903,1.5,0.0574,-0.0036,0.0011,-0.0,0.0,0.0,0.0708,-0.0,0.0413,11.149,1,999.0,none,0,0,DEST_BAY_04,35.0,1.1756,0,0,0.4287
11.45,229,15.075,-1.2099,-0.3802,1.5,0.0905,15.075,-1.1778,-0.3859,1.5,0.0592,-0.0037,0.0012,-0.0,0.0,0.0,0.0722,-0.0,0.0282,8.93,1,999.0,none,0,0,DEST_BAY_04,35.0,1.1756,0,0,0.4307
11.5,230,15.1446,-1.2377,-0.3755,1.5,0.0944,15.1446,-1.2058,-0.3814,1.5,0.0609,-0.0038,0.0012,-0.0,0.0,0.0,0.0753,-0.0,0.0619,8.912,1,999.0,none,0,0,DEST_BAY_04,35.0,1.1756,0,0,0.4327
11.55,231,15.2144,-1.2652,-0.3706,1.5,0.0967,15.2144,-1.2336,-0.3768,1.5,0.0626,-0.0039,0.0013,-0.0,0.0,0.0,0.0772,-0.0,0.0379,9.214,1,999.0,none,0,0,DEST_BAY_04,35.0,1.1756,0,0,0.4347
11.6,232,15.2843,-1.2924,-0.3657,1.5,0.0988,15.2843,-1.261,-0.372,1.5,0.0644,-0.0039,0.0013,-0.0,0.0,0.0,0.0789,-0.0,0.0326,8.657,1,999.0,none,0,0,DEST_BAY_04,35.0,1.1756,0,0,0.4367
11.65,233,15.3543,-1.3192,-0.3606,1.5,0.1017,15.3543,-1.2881,-0.3671,1.5,0.0662,-0.004,0.0014,-0.0,0.0,0.0,0.0812,-0.0,0.0464,11.572,1,999.0,none,0,0,DEST_BAY_04,35.0,1.1756,0,0,0.4387
11.7,234,15.4245,-1.3457,-0.3554,1.5,0.1044,15.4245,-1.3148,-0.3621,1.5,0.0679,-0.0041,0.0014,-0.0,0.0,0.0,0.0833,-0.0,0.0427,9.768,1,999.0,none,0,0,DEST_BAY_04,35.0,1.1756,0,0,0.4407
11.75,235,15.4948,-1.3718,-0.3501,1.5,0.1069,15.4948,-1.3412,-0.3569,1.5,0.0697,-0.0042,0.0015,-0.0,0.0,0.0,0.0853,-0.0,0.0398,10.618,1,999.0,none,0,0,DEST_BAY_04,35.0,1.1756,0,0,0.4427
11.8,236,15.5653,-1.3975,-0.3446,1.5,0.1094,15.5653,-1.3672,-0.3516,1.5,0.0715,-0.0043,0.0016,-0.0,0.0,0.0,0.0873,-0.0,0.0402,9.847,1,999.0,none,0,0,DEST_BAY_04,35.0,1.1756,0,0,0.4447
11.85,237,15.6359,-1.4228,-0.339,1.5,0.1127,15.6359,-1.3928,-0.3462,1.5,0.0732,-0.0044,0.0016,-0.0,0.0,0.0,0.0899,-0.0,0.0521,12.9,1,999.0,none,0,0,DEST_BAY_04,35.0,1.1756,0,0,0.4467
11.9,238,15.7066,-1.4478,-0.3332,1.5,0.1143,15.7066,-1.4181,-0.3406,1.5,0.075,-0.0045,0.0017,-0.0,0.0,0.0,0.0912,-0.0,0.0253,12.597,1,999.0,none,0,0,DEST_BAY_04,35.0,1.1756,0,0,0.4488
11.95,239,15.7775,-1.4723,-0.3274,1.5,0.1174,15.7775,-1.4429,-0.335,1.5,0.0768,-0.0046,0.0017,-0.0,0.0,0.0,0.0936,-0.0,0.0488,12.023,1,999.0,none,0,0,DEST_BAY_04,35.0,1.1756,0,0,0.4508
12.0,240,15.8485,-1.4964,-0.3213,1.5,0.1205,15.8485,-1.4674,-0.3291,1.5,0.0785,-0.0047,0.0018,-0.0,0.0,0.0,0.0961,-0.0,0.0498,9.416,1,999.0,none,0,0,DEST_BAY_04,35.0,1.1756,0,0,0.4528
12.05,241,15.9196,-1.5201,-0.3152,1.5,0.1233,15.9196,-1.4914,-0.3232,1.5,0.0803,-0.0048,0.0018,-0.0,0.0,0.0,0.0983,-0.0,0.0438,11.947,1,999.0,none,0,0,DEST_BAY_04,35.0,1.1756,0,0,0.4548
12.1,242,15.9909,-1.5434,-0.3088,1.5,0.1269,15.9909,-1.515,-0.3171,1.5,0.0821,-0.0049,0.0019,-0.0,0.0,0.0,0.1011,-0.0,0.0562,9.84,1,999.0,none,0,0,DEST_BAY_04,35.0,1.1756,0,0,0.4569
12.15,243,16.0624,-1.5662,-0.3025,1.5,0.1272,16.0624,-1.5381,-0.3109,1.5,0.0838,-0.005,0.002,-0.0,0.0,0.0,0.1014,-0.0,0.0061,11.909,1,999.0,none,0,0,DEST_BAY_04,35.0,1.1756,0,0,0.4589
12.2,244,16.134,-1.5885,-0.2959,1.5,0.1304,16.134,-1.5608,-0.3045,1.5,0.0856,-0.0051,0.002,-0.0,0.0,0.0,0.1039,-0.0,0.0498,8.589,1,999.0,none,0,0,DEST_BAY_04,35.0,1.1756,0,0,0.461
12.25,245,16.2057,-1.6104,-0.2893,1.5,0.1336,16.2057,-1.5831,-0.298,1.5,0.0873,-0.0052,0.0021,-0.0,0.0,0.0,0.1065,-0.0,0.0516,8.582,1,999.0,none,0,0,DEST_BAY_04,35.0,1.1756,0,0,0.463
12.3,246,16.2776,-1.6318,-0.2824,1.5,0.1364,16.2776,-1.6049,-0.2914,1.5,0.0891,-0.0053,0.0022,-0.0,0.0,0.0,0.1087,-0.0,0.0431,9.318,1,999.0,none,0,0,DEST_BAY_04,35.0,1.1756,0,0,0.4651
12.35,247,16.3496,-1.6527,-0.2755,1.5,0.1392,16.3496,-1.6262,-0.2847,1.5,0.0908,-0.0054,0.0022,-0.0,0.0,0.0,0.1109,-0.0,0.0442,11.479,1,999.0,none,0,0,DEST_BAY_04,35.0,1.1756,0,0,0.4671
12.4,248,16.4218,-1.6731,-0.2684,1.5,0.1414,16.4218,-1.647,-0.2778,1.5,0.0925,-0.0055,0.0023,-0.0,0.0,0.0,0.1126,-0.0,0.0345,10.145,1,999.0,none,0,0,DEST_BAY_04,35.0,1.1756,0,0,0.4692
12.45,249,16.4941,-1.693,-0.2612,1.5,0.1444,16.4941,-1.6673,-0.2708,1.5,0.0942,-0.0056,0.0024,-0.0,0.0,0.0,0.115,-0.0,0.0488,8.004,1,999.0,none,0,0,DEST_BAY_04,35.0,1.1756,0,0,0.4713
12.5,250,16.5666,-1.7123,-0.2539,1.5,0.1466,16.5666,-1.6871,-0.2637,1.5,0.0959,-0.0057,0.0025,-0.0,0.0,0.0,0.1168,-0.0,0.0343,9.682,1,999.0,none,0,0,DEST_BAY_04,35.0,1.1756,0,0,0.4733
12.55,251,16.6392,-1.7312,-0.2464,1.5,0.1491,16.6392,-1.7064,-0.2564,1.5,0.0976,-0.0058,0.0026,-0.0,0.0,0.0,0.1187,-0.0,0.0393,10.756,1,999.0,none,0,0,DEST_BAY_04,35.0,1.1756,0,0,0.4754
12.6,252,16.7119,-1.7495,-0.2388,1.5,0.1526,16.7119,-1.7251,-0.249,1.5,0.0992,-0.0059,0.0026,-0.0,0.0,0.0,0.1214,-0.0,0.0544,8.055,1,999.0,none,0,0,DEST_BAY_04,35.0,1.1756,0,0,0.4775
12.65,253,16.7848,-1.7672,-0.2311,1.5,0.1541,16.7848,-1.7433,-0.2416,1.5,0.1008,-0.006,0.0028,-0.0,0.0,0.0,0.1227,-0.0,0.0252,10.109,1,999.0,none,0,0,DEST_BAY_04,35.0,1.1756,0,0,0.4796
12.7,254,16.8578,-1.7844,-0.2232,1.5,0.1569,16.8578,-1.761,-0.2339,1.5,0.1024,-0.0061,0.0029,-0.0,0.0,0.0,0.1249,-0.0,0.0439,8.533,1,999.0,none,0,0,DEST_BAY_04,35.0,1.1756,0,0,0.4817
12.75,255,16.9309,-1.801,-0.2153,1.5,0.1588,16.9309,-1.7781,-0.2262,1.5,0.1039,-0.0061,0.003,-0.0,0.0,0.0,0.1264,-0.0,0.0296,9.259,1,999.0,none,0,0,DEST_BAY_04,35.0,1.1756,0,0,0.4837
12.8,256,17.0042,-1.817,-0.2072,1.5,0.1609,17.0042,-1.7946,-0.2183,1.5,0.1055,-0.0062,0.0031,-0.0,0.0,0.0,0.128,-0.0,0.0332,11.938,1,999.0,none,0,0,DEST_BAY_04,35.0,1.1756,0,0,0.4858
12.85,257,17.0776,-1.8324,-0.1991,1.5,0.1625,17.0776,-1.8106,-0.2104,1.5,0.107,-0.0063,0.0031,-0.0,0.0,0.0,0.1293,-0.0,0.0244,12.441,1,999.0,none,0,0,DEST_BAY_04,35.0,1.1756,0,0,0.4879
12.9,258,17.1511,-1.8473,-0.1909,1.5,0.1653,17.1511,-1.8259,-0.2023,1.5,0.1084,-0.0064,0.0032,-0.0,0.0,0.0,0.1315,-0.0,0.0444,7.322,1,999.0,none,0,0,DEST_BAY_04,35.0,1.1756,0,0,0.49
12.95,259,17.2248,-1.8615,-0.1825,1.5,0.1677,17.2248,-1.8407,-0.1941,1.5,0.1098,-0.0065,0.0033,-0.0,0.0,0.0,0.1333,-0.0,0.0372,10.598,1,999.0,none,0,0,DEST_BAY_04,35.0,1.1756,0,0,0.4921
13.0,260,17.2985,-1.8751,-0.174,1.5,0.17,17.2985,-1.8548,-0.1858,1.5,0.1112,-0.0065,0.0034,-0.0,0.0,0.0,0.1352,-0.0,0.0368,11.296,1,999.0,none,0,0,DEST_BAY_04,35.0,1.1756,0,0,0.4942
13.05,261,17.3724,-1.8881,-0.1654,1.5,0.1713,17.3724,-1.8684,-0.1774,1.5,0.1125,-0.0066,0.0035,-0.0,0.0,0.0,0.1362,-0.0,0.0209,12.122,1,999.0,none,0,0,DEST_BAY_04,35.0,1.1756,0,0,0.4964
13.1,262,17.4464,-1.9004,-0.1568,1.5,0.1726,17.4464,-1.8813,-0.169,1.5,0.1138,-0.0067,0.0035,-0.0,0.0,0.0,0.1372,-0.0,0.02,13.183,1,999.0,none,0,0,DEST_BAY_04,35.0,1.1756,0,0,0.4985
13.15,263,17.5204,-1.9122,-0.1481,1.5,0.1742,17.5204,-1.8936,-0.1604,1.5,0.1151,-0.0067,0.0036,-0.0,0.0,0.0,0.1385,-0.0,0.0252,8.456,1,999.0,none,0,0,DEST_BAY_04,35.0,1.1756,0,0,0.5006
13.2,264,17.5946,-1.9232,-0.1392,1.5,0.1772,17.5946,-1.9053,-0.1517,1.5,0.1162,-0.0068,0.0036,-0.0,0.0,0.0,0.1408,-0.0,0.0475,7.995,1,999.0,none,0,0,DEST_BAY_04,35.0,1.1756,0,0,0.5027
13.25,265,17.6689,-1.9336,-0.1303,1.5,0.1785,17.6689,-1.9163,-0.1429,1.5,0.1174,-0.0069,0.0037,-0.0,0.0,0.0,0.1419,-0.0,0.0204,11.418,1,999.0,none,0,0,DEST_BAY_04,35.0,1.1756,0,0,0.5048
13.3,266,17.7432,-1.9434,-0.1213,1.5,0.1796,17.7432,-1.9266,-0.1341,1.5,0.1184,-0.0069,0.0038,-0.0,0.0,0.0,0.1427,-0.0,0.0172,11.607,1,999.0,none,0,0,DEST_BAY_04,35.0,1.1756,0,0,0.5069
13.35,267,17.8177,-1.9524,-0.1122,1.5,0.1814,17.8177,-1.9363,-0.1252,1.5,0.1195,-0.007,0.0039,-0.0,0.0,0.0,0.1441,-0.0,0.0271,12.031,1,999.0,none,0,0,DEST_BAY_04,35.0,1.1756,0,0,0.5091
13.4,268,17.8922,-1.9608,-0.1031,1.5,0.1834,17.8922,-1.9453,-0.1162,1.5,0.1204,-0.007,0.0039,-0.0,0.0,0.0,0.1456,-0.0,0.0311,11.912,1,999.0,none,0,0,DEST_BAY_04,35.0,1.1756,0,0,0.5112
13.45,269,17.9668,-1.9686,-0.0938,1.5,0.1849,17.9668,-1.9537,-0.1071,1.5,0.1213,-0.0071,0.004,-0.0,0.0,0.0,0.1469,-0.0,0.0245,7.922,1,999.0,none,0,0,DEST_BAY_04,35.0,1.1756,0,0,0.5133
13.5,270,18.0415,-1.9756,-0.0845,1.5,0.186,18.0415,-1.9614,-0.098,1.5,0.1221,-0.0071,0.0042,-0.0,0.0,0.0,0.1477,-0.0,0.0164,7.881,1,999.0,none,0,0,DEST_BAY_04,35.0,1.1756,0,0,0.5155
13.55,271,18.1162,-1.9819,-0.0753,1.5,0.1848,18.1162,-1.9684,-0.0888,1.5,0.1229,-0.0072,0.0043,-0.0,0.0,0.0,0.1468,-0.0,-0.0186,7.362,1,999.0,none,0,0,DEST_BAY_04,35.0,1.1756,0,0,0.5176
13.6,272,18.191,-1.9876,-0.0659,1.5,0.187,18.191,-1.9747,-0.0796,1.5,0.1236,-0.0072,0.0043,-0.0,0.0,0.0,0.1485,-0.0,0.0344,13.236,1,999.0,none,0,0,DEST_BAY_04,35.0,1.1756,0,0,0.5197
13.65,273,18.2659,-1.9925,-0.0565,1.5,0.1891,18.2659,-1.9803,-0.0703,1.5,0.1242,-0.0072,0.0043,-0.0,0.0,0.0,0.1501,-0.0,0.0332,9.699,1,999.0,none,0,0,DEST_BAY_04,35.0,1.1756,0,0,0.5219
13.7,274,18.3407,-1.9967,-0.047,1.5,0.1888,18.3407,-1.9852,-0.0609,1.5,0.1247,-0.0073,0.0045,-0.0,0.0,0.0,0.1499,-0.0,-0.0045,11.551,1,999.0,none,0,0,DEST_BAY_04,35.0,1.1756,0,0,0.524
13.75,275,18.4157,-2.0003,-0.0376,1.5,0.1892,18.4157,-1.9894,-0.0516,1.5,0.1252,-0.0073,0.0045,-0.0,0.0,0.0,0.1502,-0.0,0.0066,11.152,1,999.0,none,0,0,DEST_BAY_04,35.0,1.1756,0,0,0.5262
13.8,276,18.4906,-2.0031,-0.028,1.5,0.1909,18.4906,-1.9929,-0.0422,1.5,0.1255,-0.0073,0.0046,-0.0,0.0,0.0,0.1515,-0.0,0.0257,12.557,1,999.0,none,0,0,DEST_BAY_04,35.0,1.1756,0,0,0.5283
13.85,277,18.5656,-2.0052,-0.0185,1.5,0.191,18.5656,-1.9958,-0.0327,1.5,0.1259,-0.0073,0.0047,-0.0,0.0,0.0,0.1516,-0.0,0.0013,10.983,1,999.0,none,0,0,DEST_BAY_04,35.0,1.1756,0,0,0.5304
13.9,278,18.6406,-2.0066,-0.0089,1.5,0.1918,18.6406,-1.9979,-0.0233,1.5,0.1261,-0.0073,0.0048,-0.0,0.0,0.0,0.1523,-0.0,0.0138,12.131,1,999.0,none,0,0,DEST_BAY_04,35.0,1.1756,0,0,0.5326
13.95,279,18.7156,-2.0072,0.0007,1.5,0.1918,18.7156,-1.9992,-0.0138,1.5,0.1262,-0.0073,0.0049,-0.0,0.0,0.0,0.1523,-0.0,-0.0004,9.387,1,999.0,none,0,0,DEST_BAY_04,35.0,1.1756,0,0,0.5347
14.0,280,18.7906,-2.0072,0.0102,1.5,0.1899,18.7906,-1.9999,-0.0044,1.5,0.1263,-0.0073,0.005,-0.0,0.0,0.0,0.1508,-0.0,-0.0297,10.388,1,999.0,none,0,0,DEST_BAY_04,35.0,1.1756,0,0,0.5369
14.05,281,18.8656,-2.0064,0.0197,1.5,0.1907,18.8656,-1.9999,0.0051,1.5,0.1263,-0.0073,0.0051,-0.0,0.0,0.0,0.1514,-0.0,0.0119,9.35,1,999.0,none,0,0,DEST_BAY_04,35.0,1.1756,0,0,0.539
14.1,282,18.9405,-2.0049,0.0293,1.5,0.1909,18.9405,-1.9992,0.0146,1.5,0.1262,-0.0073,0.0051,-0.0,0.0,0.0,0.1515,-0.0,0.0029,7.865,1,999.0,none,0,0,DEST_BAY_04,35.0,1.1756,0,0,0.5412
14.15,283,19.0155,-2.0027,0.0387,1.5,0.1888,19.0155,-1.9977,0.0241,1.5,0.1261,-0.0072,0.0052,-0.0,0.0,0.0,0.1499,-0.0,-0.0321,13.253,1,999.0,none,0,0,DEST_BAY_04,35.0,1.1756,0,0,0.5433
14.2,284,19.0904,-1.9998,0.0481,1.5,0.1886,19.0904,-1.9955,0.0335,1.5,0.1258,-0.0072,0.0052,-0.0,0.0,0.0,0.1497,-0.0,-0.0034,11.656,1,999.0,none,0,0,DEST_BAY_04,35.0,1.1756,0,0,0.5454
14.25,285,19.1654,-1.9962,0.0575,1.5,0.1879,19.1654,-1.9927,0.0429,1.5,0.1255,-0.0071,0.0052,-0.0,0.0,0.0,0.1492,-0.0,-0.01,9.944,1,999.0,none,0,0,DEST_BAY_04,35.0,1.1756,0,0,0.5476
14.3,286,19.2402,-1.9919,0.0669,1.5,0.188,19.2402,-1.9891,0.0523,1.5,0.1251,-0.0071,0.0052,-0.0,0.0,0.0,0.1493,-0.0,0.0016,8.902,1,999.0,none,0,0,DEST_BAY_04,35.0,1.1756,0,0,0.5497
14.35,287,19.3151,-1.9869,0.0762,1.5,0.1858,19.3151,-1.9848,0.0617,1.5,0.1247,-0.0071,0.0052,-0.0,0.0,0.0,0.1475,-0.0,-0.0358,12.292,1,999.0,none,0,0,DEST_BAY_04,35.0,1.1756,0,0,0.5519
14.4,288,19.3899,-1.9812,0.0855,1.5,0.1859,19.3899,-1.9799,0.071,1.5,0.1241,-0.007,0.0052,-0.0,0.0,0.0,0.1476,-0.0,0.002,9.944,1,999.0,none,0,0,DEST_BAY_04,35.0,1.1756,0,0,0.554
14.45,289,19.4646,-1.9748,0.0948,1.5,0.1854,19.4646,-1.9742,0.0803,1.5,0.1235,-0.007,0.0052,-0.0,0.0,0.0,0.1473,-0.0,-0.0071,11.805,1,999.0,none,0,0,DEST_BAY_04,35.0,1.1756,0,0,0.5561
14.5,290,19.5392,-1.9677,0.104,1.5,0.1843,19.5392,-1.9678,0.0895,1.5,0.1228,-0.0069,0.0052,-0.0,0.0,0.0,0.1464,-0.0,-0.0174,12.434,1,999.0,none,0,0,DEST_BAY_04,35.0,1.1756,0,0,0.5583
14.55,291,19.6138,-1.9599,0.1132,1.5,0.1845,19.6138,-1.9608,0.0987,1.5,0.1221,-0.0069,0.0053,-0.0,0.0,0.0,0.1465,-0.0,0.0021,7.746,1,999.0,none,0,0,DEST_BAY_04,35.0,1.1756,0,0,0.5604
14.6,292,19.6884,-1.9514,0.1223,1.5,0.1821,19.6884,-1.9531,0.1079,1.5,0.1212,-0.0068,0.0054,-0.0,0.0,0.0,0.1447,-0.0,-0.0367,10.128,1,999.0,none,0,0,DEST_BAY_04,35.0,1.1756,0,0,0.5625
14.65,293,19.7628,-1.9423,0.1313,1.5,0.18,19.7628,-1.9446,0.1169,1.5,0.1203,-0.0067,0.0054,-0.0,0.0,0.0,0.143,-0.0,-0.0339,11.045,1,999.0,none,0,0,DEST_BAY_04,35.0,1.1756,0,0,0.5647
14.7,294,19.8371,-1.9324,0.1403,1.5,0.1786,19.8371,-1.9356,0.1259,1.5,0.1194,-0.0067,0.0054,-0.0,0.0,0.0,0.1419,-0.0,-0.0207,12.561,1,999.0,none,0,0,DEST_BAY_04,35.0,1.1756,0,0,0.5668
14.75,295,19.9114,-1.922,0.1491,1.5,0.1772,19.9114,-1.9258,0.1348,1.5,0.1184,-0.0066,0.0055,-0.0,0.0,0.0,0.1408,-0.0,-0.0223,8.346,1,999.0,none,0,0,DEST_BAY_04,35.0,1.1756,0,0,0.5689
14.8,296,19.9856,-1.9108,0.1579,1.5,0.1756,19.9856,-1.9154,0.1437,1.5,0.1173,-0.0065,0.0055,-0.0,0.0,0.0,0.1396,-0.0,-0.0249,9.344,1,999.0,none,0,0,DEST_BAY_04,35.0,1.1756,0,0,0.571
14.85,297,20.0596,-1.899,0.1666,1.5,0.1746,20.0596,-1.9043,0.1524,1.5,0.1162,-0.0064,0.0055,-0.0,0.0,0.0,0.1388,-0.0,-0.0158,12.746,1,999.0,none,0,0,DEST_BAY_04,35.0,1.1756,0,0,0.5731
14.9,298,20.1336,-1.8866,0.1752,1.5,0.1714,20.1336,-1.8926,0.1611,1.5,0.115,-0.0063,0.0056,-0.0,0.0,0.0,0.1362,-0.0,-0.051,7.264,1,999.0,none,0,0,DEST_BAY_04,35.0,1.1756,0,0,0.5752
14.95,299,20.2075,-1.8735,0.1837,1.5,0.1691,20.2075,-1.8803,0.1696,1.5,0.1137,-0.0062,0.0056,-0.0,0.0,0.0,0.1344,-0.0,-0.0362,13.173,1,999.0,none,0,0,DEST_BAY_04,35.0,1.1756,0,0,0.5774
15.0,300,20.2812,-1.8598,0.1921,1.5,0.1684,20.2812,-1.8673,0.1781,1.5,0.1124,-0.0061,0.0055,-0.0,0.0,0.0,0.1339,-0.0,-0.0103,10.278,1,999.0,none,0,0,DEST_BAY_04,35.0,1.1756,0,0,0.5795
15.05,301,20.3548,-1.8455,0.2004,1.5,0.1659,20.3548,-1.8537,0.1865,1.5,0.1111,-0.006,0.0056,-0.0,0.0,0.0,0.1319,-0.0,-0.0399,11.976,1,999.0,none,0,0,DEST_BAY_04,35.0,1.1756,0,0,0.5816
15.1,302,20.4283,-1.8306,0.2085,1.5,0.1628,20.4283,-1.8395,0.1948,1.5,0.1097,-0.0059,0.0056,-0.0,0.0,0.0,0.1295,-0.0,-0.0484,10.292,1,999.0,none,0,0,DEST_BAY_04,35.0,1.1756,0,0,0.5837
15.15,303,20.5017,-1.815,0.2165,1.5,0.1601,20.5017,-1.8247,0.203,1.5,0.1083,-0.0057,0.0056,-0.0,0.0,0.0,0.1274,-0.0,-0.0431,12.195,1,999.0,none,0,0,DEST_BAY_04,35.0,1.1756,0,0,0.5858
15.2,304,20.5749,-1.7989,0.2245,1.5,0.159,20.5749,-1.8093,0.211,1.5,0.1068,-0.0056,0.0055,-0.0,0.0,0.0,0.1266,-0.0,-0.0159,11.558,1,999.0,none,0,0,DEST_BAY_04,35.0,1.1756,0,0,0.5879
15.25,305,20.6481,-1.7822,0.2323,1.5,0.1565,20.6481,-1.7933,0.219,1.5,0.1054,-0.0055,0.0055,-0.0,0.0,0.0,0.1246,-0.0,-0.0395,9.129,1,999.0,none,0,0,DEST_BAY_04,35.0,1.1756,0,0,0.5899
15.3,306,20.721,-1.765,0.24,1.5,0.1533,20.721,-1.7767,0.2268,1.5,0.1038,-0.0054,0.0055,-0.0,0.0,0.0,0.122,-0.0,-0.0518,10.545,1,999.0,none,0,0,DEST_BAY_04,35.0,1.1756,0,0,0.592
15.35,307,20.7939,-1.7471,0.2475,1.5,0.1511,20.7939,-1.7596,0.2345,1.5,0.1023,-0.0052,0.0054,-0.0,0.0,0.0,0.1203,-0.0,-0.0335,9.881,1,999.0,none,0,0,DEST_BAY_04,35.0,1.1756,0,0,0.5941
15.4,308,20.8666,-1.7288,0.255,1.5,0.149,20.8666,-1.7419,0.2422,1.5,0.1007,-0.0051,0.0054,-0.0,0.0,0.0,0.1187,-0.0,-0.0334,11.628,1,999.0,none,0,0,DEST_BAY_04,35.0,1.1756,0,0,0.5962
15.45,309,20.9392,-1.7099,0.2623,1.5,0.1459,20.9392,-1.7236,0.2496,1.5,0.0991,-0.005,0.0053,-0.0,0.0,0.0,0.1162,-0.0,-0.0484,8.907,1,999.0,none,0,0,DEST_BAY_04,35.0,1.1756,0,0,0.5983
15.5,310,21.0116,-1.6904,0.2695,1.5,0.144,21.0116,-1.7048,0.257,1.5,0.0974,-0.0049,0.0053,-0.0,0.0,0.0,0.1147,-0.0,-0.0307,8.413,1,999.0,none,0,0,DEST_BAY_04,35.0,1.1756,0,0,0.6003
15.55,311,21.0839,-1.6704,0.2766,1.5,0.1417,21.0839,-1.6855,0.2642,1.5,0.0958,-0.0047,0.0052,-0.0,0.0,0.0,0.1129,-0.0,-0.0356,7.953,1,999.0,none,0,0,DEST_BAY_04,35.0,1.1756,0,0,0.6024
15.6,312,21.1561,-1.65,0.2834,1.5,0.1378,21.1561,-1.6657,0.2714,1.5,0.0941,-0.0046,0.0052,-0.0,0.0,0.0,0.1098,-0.0,-0.0631,8.366,1,999.0,none,0,0,DEST_BAY_04,35.0,1.1756,0,0,0.6045
15.65,313,21.2281,-1.629,0.2902,1.5,0.136,21.2281,-1.6453,0.2784,1.5,0.0924,-0.0045,0.0051,-0.0,0.0,0.0,0.1084,-0.0,-0.0276,8.563,1,999.0,none,0,0,DEST_BAY_04,35.0,1.1756,0,0,0.6065
15.7,314,21.2999,-1.6075,0.2969,1.5,0.1326,21.2999,-1.6245,0.2852,1.5,0.0907,-0.0043,0.005,-0.0,0.0,0.0,0.1057,-0.0,-0.0538,13.353,1,999.0,none,0,0,DEST_BAY_04,35.0,1.1756,0,0,0.6086
15.75,315,21.3717,-1.5856,0.3034,1.5,0.1311,21.3717,-1.6032,0.2919,1.5,0.0889,-0.0042,0.0049,-0.0,0.0,0.0,0.1045,-0.0,-0.0234,10.505,1,999.0,none,0,0,DEST_BAY_04,35.0,1.1756,0,0,0.6106
15.8,316,21.4432,-1.5632,0.3098,1.5,0.1283,21.4432,-1.5813,0.2985,1.5,0.0872,-0.0041,0.0049,-0.0,0.0,0.0,0.1023,-0.0,-0.045,8.423,1,999.0,none,0,0,DEST_BAY_04,35.0,1.1756,0,0,0.6127
15.85,317,21.5147,-1.5403,0.3161,1.5,0.1259,21.5147,-1.5591,0.305,1.5,0.0855,-0.0039,0.0048,-0.0,0.0,0.0,0.1004,-0.0,-0.037,8.633,1,999.0,none,0,0,DEST_BAY_04,35.0,1.1756,0,0,0.6147
15.9,318,21.5859,-1.517,0.3223,1.5,0.123,21.5859,-1.5363,0.3114,1.5,0.0837,-0.0038,0.0048,-0.0,0.0,0.0,0.0981,-0.0,-0.0468,10.565,1,999.0,none,0,0,DEST_BAY_04,35.0,1.1756,0,0,0.6167
15.95,319,21.6571,-1.4932,0.3283,1.5,0.1203,21.6571,-1.5131,0.3176,1.5,0.0819,-0.0037,0.0047,-0.0,0.0,0.0,0.096,-0.0,-0.0421,8.928,1,999.0,none,0,0,DEST_BAY_04,35.0,1.1756,0,0,0.6188
16.0,320,21.7281,-1.4691,0.3342,1.5,0.1183,21.7281,-1.4895,0.3236,1.5,0.0802,-0.0035,0.0047,-0.0,0.0,0.0,0.0944,-0.0,-0.032,11.594,1,999.0,none,0,0,DEST_BAY_04,35.0,1.1756,0,0,0.6208
16.05,321,21.7989,-1.4445,0.34,1.5,0.1146,21.7989,-1.4655,0.3296,1.5,0.0784,-0.0034,0.0046,-0.0,0.0,0.0,0.0915,-0.0,-0.0584,7.996,1,999.0,none,0,0,DEST_BAY_04,35.0,1.1756,0,0,0.6228
16.1,322,21.8696,-1.4194,0.3456,1.5,0.1126,21.8696,-1.441,0.3354,1.5,0.0766,-0.0033,0.0046,-0.0,0.0,0.0,0.0898,-0.0,-0.0329,12.698,1,999.0,none,0,0,DEST_BAY_04,35.0,1.1756,0,0,0.6248
16.15,323,21.9402,-1.394,0.351,1.5,0.1088,21.9402,-1.4161,0.3411,1.5,0.0749,-0.0031,0.0045,-0.0,0.0,0.0,0.0868,-0.0,-0.0599,10.817,1,999.0,none,0,0,DEST_BAY_04,35.0,1.1756,0,0,0.6269
16.2,324,22.0106,-1.3682,0.3563,1.5,0.106,22.0106,-1.3909,0.3466,1.5,0.0731,-0.003,0.0044,-0.0,0.0,0.0,0.0846,-0.0,-0.0442,8.361,1,999.0,none,0,0,DEST_BAY_04,35.0,1.1756,0,0,0.6289
16.25,325,22.0809,-1.3421,0.3615,1.5,0.1042,22.0809,-1.3652,0.352,1.5,0.0713,-0.0029,0.0043,-0.0,0.0,0.0,0.0831,-0.0,-0.0294,7.524,1,999.0,none,0,0,DEST_BAY_04,35.0,1.1756,0,0,0.6309
16.3,326,22.1511,-1.3156,0.3666,1.5,0.102,22.1511,-1.3392,0.3573,1.5,0.0696,-0.0027,0.0042,-0.0,0.0,0.0,0.0814,-0.0,-0.0342,12.379,1,999.0,none,0,0,DEST_BAY_04,35.0,1.1756,0,0,0.6329
16.35,327,22.2211,-1.2887,0.3715,1.5,0.0984,22.2211,-1.3128,0.3625,1.5,0.0678,-0.0026,0.0042,-0.0,0.0,0.0,0.0785,-0.0,-0.0581,9.724,1,999.0,none,0,0,DEST_BAY_04,35.0,1.1756,0,0,0.6349
16.4,328,22.291,-1.2614,0.3764,1.5,0.0968,22.291,-1.286,0.3675,1.5,0.066,-0.0025,0.0041,-0.0,0.0,0.0,0.0772,-0.0,-0.0254,7.538,1,999.0,none,0,0,DEST_BAY_04,35.0,1.1756,0,0,0.6369
16.45,329,22.3607,-1.2339,0.3811,1.5,0.0936,22.3607,-1.2589,0.3724,1.5,0.0643,-0.0024,0.004,-0.0,0.0,0.0,0.0748,-0.0,-0.0494,8.14,1,999.0,none,0,0,DEST_BAY_04,35.0,1.1756,0,0,0.6389
16.5,330,22.4303,-1.206,0.3856,1.5,0.0901,22.4303,-1.2315,0.3771,1.5,0.0625,-0.0022,0.004,-0.0,0.0,0.0,0.0719,-0.0,-0.0567,13.462,1,999.0,none,0,0,DEST_BAY_04,35.0,1.1756,0,0,0.6409
16.55,331,22.4998,-1.1778,0.39,1.5,0.0878,22.4998,-1.2037,0.3817,1.5,0.0608,-0.0021,0.0038,-0.0,0.0,0.0,0.0701,-0.0,-0.0367,7.946,1,999.0,none,0,0,DEST_BAY_04,35.0,1.1756,0,0,0.6429
16.6,332,22.5692,-1.1493,0.3942,1.5,0.0855,22.5692,-1.1756,0.3862,1.5,0.059,-0.002,0.0037,-0.0,0.0,0.0,0.0683,-0.0,-0.0369,12.182,1,999.0,none,0,0,DEST_BAY_04,35.0,1.1756,0,0,0.6448
16.65,333,22.6384,-1.1205,0.3983,1.5,0.0819,22.6384,-1.1473,0.3906,1.5,0.0573,-0.0019,0.0037,-0.0,0.0,0.0,0.0654,-0.0,-0.0564,8.622,1,999.0,none,0,0,DEST_BAY_04,35.0,1.1756,0,0,0.6468
16.7,334,22.7076,-1.0914,0.4023,1.5,0.0796,22.7076,-1.1186,0.3948,1.5,0.0556,-0.0017,0.0035,-0.0,0.0,0.0,0.0636,-0.0,-0.0375,9.989,1,999.0,none,0,0,DEST_BAY_04,35.0,1.1756,0,0,0.6488
16.75,335,22.7766,-1.062,0.4062,1.5,0.0776,22.7766,-1.0896,0.3989,1.5,0.0539,-0.0016,0.0034,-0.0,0.0,0.0,0.062,-0.0,-0.031,12.619,1,999.0,none,0,0,DEST_BAY_04,35.0,1.1756,0,0,0.6508
16.8,336,22.8455,-1.0324,0.41,1.5,0.0757,22.8455,-1.0603,0.4029,1.5,0.0521,-0.0015,0.0033,-0.0,0.0,0.0,0.0605,-0.0,-0.0306,11.112,1,999.0,none,0,0,DEST_BAY_04,35.0,1.1756,0,0,0.6527
16.85,337,22.9143,-1.0025,0.4136,1.5,0.0726,22.9143,-1.0308,0.4067,1.5,0.0504,-0.0014,0.0032,-0.0,0.0,0.0,0.058,-0.0,-0.0503,11.041,1,999.0,none,0,0,DEST_BAY_04,35.0,1.1756,0,0,0.6547
16.9,338,22.9829,-0.9723,0.4171,1.5,0.07,22.9829,-1.001,0.4104,1.5,0.0487,-0.0013,0.0032,-0.0,0.0,0.0,0.0559,-0.0,-0.0413,8.509,1,999.0,none,0,0,DEST_BAY_04,35.0,1.1756,0,0,0.6567
16.95,339,23.0515,-0.942,0.4204,1.5,0.066,23.0515,-0.971,0.414,1.5,0.0471,-0.0012,0.0031,-0.0,0.0,0.0,0.0528,-0.0,-0.0628,8.529,1,999.0,none,0,0,DEST_BAY_04,35.0,1.1756,0,0,0.6586
17.0,340,23.12,-0.9113,0.4236,1.5,0.065,23.12,-0.9407,0.4175,1.5,0.0454,-0.0011,0.0029,-0.0,0.0,0.0,0.0519,-0.0,-0.017,8.295,1,999.0,none,0,0,DEST_BAY_04,35.0,1.1756,0,0,0.6606
17.05,341,23.1884,-0.8805,0.4268,1.5,0.0624,23.1884,-0.9102,0.4208,1.5,0.0437,-0.001,0.0028,-0.0,0.0,0.0,0.0499,-0.0,-0.0413,7.673,1,999.0,none,0,0,DEST_BAY_04,35.0,1.1756,0,0,0.6625
17.1,342,23.2566,-0.8495,0.4298,1.5,0.0609,23.2566,-0.8795,0.4241,1.5,0.0421,-0.0009,0.0027,-0.0,0.0,0.0,0.0487,-0.0,-0.0232,10.941,1,999.0,none,0,0,DEST_BAY_04,35.0,1.1756,0,0,0.6645
17.15,343,23.3248,-0.8182,0.4327,1.5,0.0577,23.3248,-0.8485,0.4271,1.5,0.0404,-0.0008,0.0027,-0.0,0.0,0.0,0.0462,-0.0,-0.0508,9.035,1,999.0,none,0,0,DEST_BAY_04,35.0,1.1756,0,0,0.6664
17.2,344,23.3929,-0.7868,0.4355,1.5,0.0554,23.3929,-0.8174,0.4301,1.5,0.0388,-0.0007,0.0026,-0.0,0.0,0.0,0.0443,-0.0,-0.0374,11.629,1,999.0,none,0,0,DEST_BAY_04,35.0,1.1756,0,0,0.6684
17.25,345,23.4609,-0.7551,0.4382,1.5,0.0538,23.4609,-0.786,0.433,1.5,0.0371,-0.0007,0.0025,-0.0,0.0,0.0,0.043,-0.0,-0.0252,10.06,1,999.0,none,0,0,DEST_BAY_04,35.0,1.1756,0,0,0.6703
17.3,346,23.5288,-0.7233,0.4406,1.5,0.0498,23.5288,-0.7545,0.4357,1.5,0.0355,-0.0006,0.0025,-0.0,0.0,0.0,0.0398,-0.0,-0.064,12.163,1,999.0,none,0,0,DEST_BAY_04,35.0,1.1756,0,0,0.6723
17.35,347,23.5966,-0.6913,0.443,1.5,0.0467,23.5966,-0.7228,0.4383,1.5,0.0339,-0.0005,0.0024,-0.0,0.0,0.0,0.0373,-0.0,-0.05,11.138,1,999.0,none,0,0,DEST_BAY_04,35.0,1.1756,0,0,0.6742
17.4,348,23.6644,-0.6592,0.4452,1.5,0.0449,23.6644,-0.6909,0.4408,1.5,0.0323,-0.0004,0.0022,-0.0,0.0,0.0,0.0359,-0.0,-0.0281,9.878,1,999.0,none,0,0,DEST_BAY_04,35.0,1.1756,0,0,0.6761
17.45,349,23.7321,-0.6269,0.4473,1.5,0.0421,23.7321,-0.6588,0.4431,1.5,0.0307,-0.0003,0.0021,-0.0,0.0,0.0,0.0337,-0.0,-0.0446,10.631,1,999.0,none,0,0,DEST_BAY_04,35.0,1.1756,0,0,0.6781
17.5,350,23.7997,-0.5944,0.4493,1.5,0.0403,23.7997,-0.6266,0.4454,1.5,0.0291,-0.0003,0.002,-0.0,0.0,0.0,0.0322,-0.0,-0.0298,12.408,1,999.0,none,0,0,DEST_BAY_04,35.0,1.1756,0,0,0.68
17.55,351,23.8673,-0.5618,0.4512,1.5,0.0377,23.8673,-0.5942,0.4475,1.5,0.0275,-0.0002,0.0019,-0.0,0.0,0.0,0.0301,-0.0,-0.0411,7.65,1,999.0,none,0,0,DEST_BAY_04,35.0,1.1756,0,0,0.6819
17.6,352,23.9348,-0.5291,0.4531,1.5,0.0368,23.9348,-0.5617,0.4495,1.5,0.0259,-0.0001,0.0017,-0.0,0.0,0.0,0.0294,-0.0,-0.0145,11.918,1,999.0,none,0,0,DEST_BAY_04,35.0,1.1756,0,0,0.6839
17.65,353,24.0022,-0.4963,0.4548,1.5,0.0346,24.0022,-0.5291,0.4514,1.5,0.0244,-0.0001,0.0017,-0.0,0.0,0.0,0.0277,-0.0,-0.0347,10.786,1,999.0,none,0,0,DEST_BAY_04,35.0,1.1756,0,0,0.6858
17.7,354,24.0696,-0.4634,0.4564,1.5,0.0317,24.0696,-0.4963,0.4531,1.5,0.0228,-0.0,0.0017,-0.0,0.0,0.0,0.0254,-0.0,-0.0465,11.539,1,999.0,none,0,0,DEST_BAY_04,35.0,1.1756,0,0,0.6877
17.75,355,24.1369,-0.4303,0.4579,1.5,0.0298,24.1369,-0.4634,0.4548,1.5,0.0212,0.0001,0.0016,-0.0,0.0,0.0,0.0238,-0.0,-0.0308,11.608,1,999.0,none,0,0,DEST_BAY_04,35.0,1.1756,0,0,0.6896
17.8,356,24.2042,-0.3972,0.4593,1.5,0.0278,24.2042,-0.4305,0.4563,1.5,0.0197,0.0001,0.0016,-0.0,0.0,0.0,0.0223,-0.0,-0.0314,10.311,1,999.0,none,0,0,DEST_BAY_04,35.0,1.1756,0,0,0.6915
17.85,357,24.2714,-0.3639,0.4605,1.5,0.0245,24.2714,-0.3974,0.4577,1.5,0.0181,0.0002,0.0015,-0.0,0.0,0.0,0.0196,-0.0,-0.0529,7.707,1,999.0,none,0,0,DEST_BAY_04,35.0,1.1756,0,0,0.6935
17.9,358,24.3386,-0.3306,0.4616,1.5,0.0231,24.3386,-0.3642,0.459,1.5,0.0166,0.0003,0.0015,-0.0,0.0,0.0,0.0185,-0.0,-0.022,9.231,1,999.0,none,0,0,DEST_BAY_04,35.0,1.1756,0,0,0.6954
17.95,359,24.4057,-0.2972,0.4627,1.5,0.0203,24.4057,-0.3309,0.4602,1.5,0.015,0.0003,0.0014,-0.0,0.0,0.0,0.0162,-0.0,-0.0451,8.777,1,999.0,none,0,0,DEST_BAY_04,35.0,1.1756,0,0,0.6973
18.0,360,24.4728,-0.2637,0.4636,1.5,0.0192,24.4728,-0.2976,0.4613,1.5,0.0135,0.0004,0.0014,-0.0,0.0,0.0,0.0153,-0.0,-0.018,12.467,1,999.0,none,0,0,DEST_BAY_04,35.0,1.1756,0,0,0.6992
18.05,361,24.5399,-0.2302,0.4644,1.5,0.0163,24.5399,-0.2642,0.4622,1.5,0.012,0.0004,0.0014,-0.0,0.0,0.0,0.0131,-0.0,-0.0457,10.824,1,999.0,none,0,0,DEST_BAY_04,35.0,1.1756,0,0,0.7011
18.1,362,24.607,-0.1966,0.4652,1.5,0.0155,24.607,-0.2307,0.4631,1.5,0.0104,0.0005,0.0014,-0.0,0.0,0.0,0.0124,-0.0,-0.0138,11.435,1,999.0,none,0,0,DEST_BAY_04,35.0,1.1756,0,0,0.7031
18.15,363,24.674,-0.1629,0.4657,1.5,0.0099,24.674,-0.1972,0.4638,1.5,0.0089,0.0006,0.0014,-0.0,0.0,0.0,0.008,-0.0,-0.0886,8.898,1,999.0,none,0,0,DEST_BAY_04,35.0,1.1756,0,0,0.705
18.2,364,24.741,-0.1292,0.4662,1.5,0.0095,24.741,-0.1637,0.4644,1.5,0.0074,0.0007,0.0013,-0.0,0.0,0.0,0.0076,-0.0,-0.0071,10.164,1,999.0,none,0,0,DEST_BAY_04,35.0,1.1756,0,0,0.7069
18.25,365,24.808,-0.0955,0.4665,1.5,0.0064,24.808,-0.1301,0.4649,1.5,0.0059,0.0007,0.0013,-0.0,0.0,0.0,0.0051,-0.0,-0.0494,11.305,1,999.0,none,0,0,DEST_BAY_04,35.0,1.1756,0,0,0.7088
18.3,366,24.875,-0.0618,0.4667,1.5,0.0042,24.875,-0.0965,0.4653,1.5,0.0043,0.0008,0.0012,-0.0,0.0,0.0,0.0034,-0.0,-0.0352,10.888,1,999.0,none,0,0,DEST_BAY_04,35.0,1.1756,0,0,0.7107
18.35,367,24.942,-0.0281,0.4668,1.5,0.0014,24.942,-0.0628,0.4656,1.5,0.0028,0.0009,0.0011,-0.0,0.0,0.0,0.0011,-0.0,-0.0452,11.199,1,999.0,none,0,0,DEST_BAY_04,35.0,1.1756,0,0,0.7126
18.4,368,25.009,0.0057,0.4667,1.5,-0.0009,25.009,-0.0292,0.4657,1.5,0.0013,0.001,0.0011,-0.0,0.0,0.0,-0.0007,-0.0,-0.037,9.392,1,999.0,none,0,0,DEST_BAY_04,35.0,1.1756,0,0,0.7145
18.45,369,25.0759,0.0394,0.4666,1.5,-0.0029,25.0759,0.0045,0.4658,1.5,-0.0002,0.0011,0.001,-0.0,0.0,0.0,-0.0023,-0.0,-0.0312,9.3,1,999.0,none,0,0,DEST_BAY_04,35.0,1.1756,0,0,0.7165
18.5,370,25.1429,0.0732,0.4663,1.5,-0.0057,25.1429,0.0382,0.4657,1.5,-0.0017,0.0011,0.0009,-0.0,0.0,0.0,-0.0046,-0.0,-0.0458,9.278,1,999.0,none,0,0,DEST_BAY_04,35.0,1.1756,0,0,0.7184
18.55,371,25.2099,0.1069,0.4659,1.5,-0.0084,25.2099,0.0718,0.4655,1.5,-0.0032,0.0012,0.0008,-0.0,0.0,0.0,-0.0068,-0.0,-0.0432,11.57,1,999.0,none,0,0,DEST_BAY_04,35.0,1.1756,0,0,0.7203
18.6,372,25.2769,0.1406,0.4654,1.5,-0.0099,25.2769,0.1055,0.4652,1.5,-0.0048,0.0013,0.0007,-0.0,0.0,0.0,-0.0079,-0.0,-0.0233,12.325,1,999.0,none,0,0,DEST_BAY_04,35.0,1.1756,0,0,0.7222
18.65,373,25.3439,0.1743,0.4649,1.5,-0.0103,25.3439,0.1391,0.4648,1.5,-0.0063,0.0013,0.0006,-0.0,0.0,0.0,-0.0083,-0.0,-0.0066,10.666,1,999.0,none,0,0,DEST_BAY_04,35.0,1.1756,0,0,0.7241
18.7,374,25.411,0.2079,0.4641,1.5,-0.0147,25.411,0.1727,0.4643,1.5,-0.0078,0.0014,0.0006,-0.0,0.0,0.0,-0.0117,-0.0,-0.0697,9.237,1,999.0,none,0,0,DEST_BAY_04,35.0,1.1756,0,0,0.726
18.75,375,25.4781,0.2415,0.4633,1.5,-0.0162,25.4781,0.2062,0.4636,1.5,-0.0093,0.0015,0.0005,-0.0,0.0,0.0,-0.013,-0.0,-0.0249,13.312,1,999.0,none,0,0,DEST_BAY_04,35.0,1.1756,0,0,0.7279
18.8,376,25.5451,0.275,0.4624,1.5,-0.0193,25.5451,0.2397,0.4629,1.5,-0.0108,0.0015,0.0005,-0.0,0.0,0.0,-0.0154,-0.0,-0.0489,13.425,1,999.0,none,0,0,DEST_BAY_04,35.0,1.1756,0,0,0.7299
18.85,377,25.6123,0.3084,0.4613,1.5,-0.0205,25.6123,0.2732,0.462,1.5,-0.0124,0.0016,0.0004,-0.0,0.0,0.0,-0.0164,-0.0,-0.019,11.343,1,999.0,none,0,0,DEST_BAY_04,35.0,1.1756,0,0,0.7318
18.9,378,25.6794,0.3418,0.4601,1.5,-0.0238,25.6794,0.3065,0.461,1.5,-0.0139,0.0017,0.0003,-0.0,0.0,0.0,-0.0191,-0.0,-0.0538,8.382,1,999.0,none,0,0,DEST_BAY_04,35.0,1.1756,0,0,0.7337
18.95,379,25.7466,0.3751,0.4589,1.5,-0.0256,25.7466,0.3399,0.4599,1.5,-0.0154,0.0017,0.0002,-0.0,0.0,0.0,-0.0205,-0.0,-0.0287,9.479,1,999.0,none,0,0,DEST_BAY_04,35.0,1.1756,0,0,0.7356
19.0,380,25.8139,0.4083,0.4575,1.5,-0.0277,25.8139,0.3731,0.4587,1.5,-0.017,0.0018,0.0002,-0.0,0.0,0.0,-0.0222,-0.0,-0.0333,11.988,1,999.0,none,0,0,DEST_BAY_04,35.0,1.1756,0,0,0.7375
19.05,381,25.8812,0.4415,0.4559,1.5,-0.0309,25.8812,0.4063,0.4574,1.5,-0.0185,0.0019,0.0001,-0.0,0.0,0.0,-0.0247,-0.0,-0.0515,8.482,1,999.0,none,0,0,DEST_BAY_04,35.0,1.1756,0,0,0.7395
19.1,382,25.9485,0.4745,0.4542,1.5,-0.0337,25.9485,0.4393,0.4559,1.5,-0.0201,0.0019,0.0,-0.0,0.0,0.0,-0.0269,-0.0,-0.0439,9.96,1,999.0,none,0,0,DEST_BAY_04,35.0,1.1756,0,0,0.7414
19.15,383,26.0159,0.5074,0.4525,1.5,-0.035,26.0159,0.4723,0.4544,1.5,-0.0216,0.002,-0.0001,-0.0,0.0,0.0,-0.028,-0.0,-0.0208,11.599,1,999.0,none,0,0,DEST_BAY_04,35.0,1.1756,0,0,0.7433
19.2,384,26.0833,0.5402,0.4507,1.5,-0.0356,26.0833,0.5051,0.4527,1.5,-0.0232,0.0021,-0.0002,-0.0,0.0,0.0,-0.0285,-0.0,-0.0105,11.036,1,999.0,none,0,0,DEST_BAY_04,35.0,1.1756,0,0,0.7452
19.25,385,26.1509,0.5729,0.4488,1.5,-0.0381,26.1509,0.5378,0.4509,1.5,-0.0248,0.0021,-0.0002,-0.0,0.0,0.0,-0.0305,-0.0,-0.0398,8.708,1,999.0,none,0,0,DEST_BAY_04,35.0,1.1756,0,0,0.7472
19.3,386,26.2184,0.6054,0.4467,1.5,-0.0413,26.2184,0.5705,0.449,1.5,-0.0263,0.0022,-0.0002,-0.0,0.0,0.0,-0.033,-0.0,-0.0508,10.679,1,999.0,none,0,0,DEST_BAY_04,35.0,1.1756,0,0,0.7491
19.35,387,26.2861,0.6378,0.4446,1.5,-0.0435,26.2861,0.6029,0.4469,1.5,-0.0279,0.0022,-0.0002,-0.0,0.0,0.0,-0.0348,-0.0,-0.0347,7.787,1,999.0,none,0,0,DEST_BAY_04,35.0,1.1756,0,0,0.751
19.4,388,26.3538,0.6701,0.4423,1.5,-0.0452,26.3538,0.6353,0.4448,1.5,-0.0295,0.0023,-0.0002,-0.0,0.0,0.0,-0.0361,-0.0,-0.0274,10.107,1,999.0,none,0,0,DEST_BAY_04,35.0,1.1756,0,0,0.753
19.45,389,26.4216,0.7022,0.4399,1.5,-0.0491,26.4216,0.6674,0.4425,1.5,-0.0311,0.0024,-0.0002,-0.0,0.0,0.0,-0.0393,-0.0,-0.063,7.94,1,999.0,none,0,0,DEST_BAY_04,35.0,1.1756,0,0,0.7549
19.5,390,26.4894,0.7341,0.4373,1.5,-0.0511,26.4894,0.6994,0.4401,1.5,-0.0327,0.0025,-0.0003,-0.0,0.0,0.0,-0.0409,-0.0,-0.0315,11.715,1,999.0,none,0,0,DEST_BAY_04,35.0,1.1756,0,0,0.7568
19.55,391,26.5574,0.7659,0.4346,1.5,-0.0546,26.5574,0.7313,0.4376,1.5,-0.0343,0.0025,-0.0003,-0.0,0.0,0.0,-0.0436,-0.0,-0.055,10.406,1,999.0,none,0,0,DEST_BAY_04,35.0,1.1756,0,0,0.7588
19.6,392,26.6254,0.7974,0.4317,1.5,-0.0565,26.6254,0.763,0.435,1.5,-0.0359,0.0026,-0.0004,-0.0,0.0,0.0,-0.0451,-0.0,-0.0306,13.376,1,999.0,none,0,0,DEST_BAY_04,35.0,1.1756,0,0,0.7607
19.65,393,26.6935,0.8288,0.4289,1.5,-0.0575,26.6935,0.7945,0.4322,1.5,-0.0376,0.0027,-0.0005,-0.0,0.0,0.0,-0.046,-0.0,-0.0173,8.736,1,999.0,none,0,0,DEST_BAY_04,35.0,1.1756,0,0,0.7627
19.7,394,26.7617,0.86,0.4258,1.5,-0.0619,26.7617,0.8258,0.4293,1.5,-0.0392,0.0028,-0.0005,-0.0,0.0,0.0,-0.0494,-0.0,-0.0687,13.008,1,999.0,none,0,0,DEST_BAY_04,35.0,1.1756,0,0,0.7646
19.75,395,26.83,0.891,0.4226,1.5,-0.0639,26.83,0.8569,0.4263,1.5,-0.0409,0.0028,-0.0005,-0.0,0.0,0.0,-0.0511,-0.0,-0.0325,10.402,1,999.0,none,0,0,DEST_BAY_04,35.0,1.1756,0,0,0.7666
19.8,396,26.8984,0.9217,0.4193,1.5,-0.0653,26.8984,0.8878,0.4232,1.5,-0.0425,0.0029,-0.0006,-0.0,0.0,0.0,-0.0522,-0.0,-0.0218,8.94,1,999.0,none,0,0,DEST_BAY_04,35.0,1.1756,0,0,0.7685
19.85,397,26.9669,0.9523,0.4158,1.5,-0.0696,26.9669,0.9185,0.42,1.5,-0.0442,0.003,-0.0006,-0.0,0.0,0.0,-0.0556,-0.0,-0.0691,12.177,1,999.0,none,0,0,DEST_BAY_04,35.0,1.1756,0,0,0.7705
19.9,398,27.0355,0.9826,0.4122,1.5,-0.0724,27.0355,0.9489,0.4166,1.5,-0.0458,0.0031,-0.0007,-0.0,0.0,0.0,-0.0579,-0.0,-0.0454,10.399,1,999.0,none,0,0,DEST_BAY_04,35.0,1.1756,0,0,0.7724
19.95,399,27.1043,1.0126,0.4086,1.5,-0.0729,27.1043,0.9791,0.4131,1.5,-0.0475,0.0032,-0.0009,-0.0,0.0,0.0,-0.0582,-0.0,-0.0068,12.369,1,999.0,none,0,0,DEST_BAY_04,35.0,1.1756,0,0,0.7744
20.0,400,27.1731,1.0424,0.4048,1.5,-0.0763,27.1731,1.0091,0.4095,1.5,-0.0492,0.0032,-0.0009,-0.0,0.0,0.0,-0.061,-0.0,-0.0549,10.898,1,999.0,none,0,0,DEST_BAY_04,35.0,1.1756,0,0,0.7764
20.05,401,27.242,1.072,0.4009,1.5,-0.0782,27.242,1.0388,0.4057,1.5,-0.0509,0.0033,-0.0009,-0.0,0.0,0.0,-0.0625,-0.0,-0.0306,13.493,1,999.0,none,0,0,DEST_BAY_04,35.0,1.1756,0,0,0.7783
20.1,402,27.3111,1.1012,0.3968,1.5,-0.0817,27.3111,1.0683,0.4018,1.5,-0.0526,0.0034,-0.001,-0.0,0.0,0.0,-0.0653,-0.0,-0.0554,10.593,1,999.0,none,0,0,DEST_BAY_04,35.0,1.1756,0,0,0.7803
20.15,403,27.3802,1.1302,0.3926,1.5,-0.0839,27.3802,1.0974,0.3978,1.5,-0.0543,0.0035,-0.001,-0.0,0.0,0.0,-0.067,-0.0,-0.0346,9.374,1,999.0,none,0,0,DEST_BAY_04,35.0,1.1756,0,0,0.7823
20.2,404,27.4495,1.1589,0.3882,1.5,-0.0872,27.4495,1.1263,0.3937,1.5,-0.056,0.0036,-0.0011,-0.0,0.0,0.0,-0.0697,-0.0,-0.0535,10.069,1,999.0,none,0,0,DEST_BAY_04,35.0,1.1756,0,0,0.7843
20.25,405,27.519,1.1873,0.3837,1.5,-0.0893,27.519,1.155,0.3894,1.5,-0.0578,0.0036,-0.0012,-0.0,0.0,0.0,-0.0713,-0.0,-0.0327,9.227,1,999.0,none,0,0,DEST_BAY_04,35.0,1.1756,0,0,0.7863
20.3,406,27.5885,1.2154,0.3792,1.5,-0.0913,27.5885,1.1833,0.385,1.5,-0.0595,0.0037,-0.0013,-0.0,0.0,0.0,-0.0729,-0.0,-0.0315,10.802,1,999.0,none,0,0,DEST_BAY_04,35.0,1.1756,0,0,0.7882
20.35,407,27.6582,1.2431,0.3745,1.5,-0.0934,27.6582,1.2113,0.3805,1.5,-0.0612,0.0038,-0.0013,-0.0,0.0,0.0,-0.0746,-0.0,-0.0337,8.671,1,999.0,none,0,0,DEST_BAY_04,35.0,1.1756,0,0,0.7902
20.4,408,27.728,1.2706,0.3697,1.5,-0.0969,27.728,1.2389,0.3758,1.5,-0.063,0.0039,-0.0013,-0.0,0.0,0.0,-0.0774,-0.0,-0.0568,11.892,1,999.0,none,0,0,DEST_BAY_04,35.0,1.1756,0,0,0.7922
20.45,409,27.7979,1.2977,0.3647,1.5,-0.0998,27.7979,1.2663,0.371,1.5,-0.0647,0.004,-0.0014,-0.0,0.0,0.0,-0.0797,-0.0,-0.0455,11.643,1,999.0,none,0,0,DEST_BAY_04,35.0,1.1756,0,0,0.7942
20.5,410,27.868,1.3244,0.3596,1.5,-0.102,27.868,1.2933,0.3661,1.5,-0.0665,0.0041,-0.0014,-0.0,0.0,0.0,-0.0814,-0.0,-0.0352,11.381,1,999.0,none,0,0,DEST_BAY_04,35.0,1.1756,0,0,0.7962
20.55,411,27.9382,1.3508,0.3543,1.5,-0.1055,27.9382,1.32,0.3611,1.5,-0.0683,0.0041,-0.0015,-0.0,0.0,0.0,-0.0842,-0.0,-0.0554,12.371,1,999.0,none,0,0,DEST_BAY_04,35.0,1.1756,0,0,0.7982
20.6,412,28.0085,1.3768,0.349,1.5,-0.1068,28.0085,1.3463,0.3559,1.5,-0.07,0.0042,-0.0016,-0.0,0.0,0.0,-0.0852,-0.0,-0.0209,7.433,1,999.0,none,0,0,DEST_BAY_04,35.0,1.1756,0,0,0.8002
20.65,413,28.079,1.4025,0.3434,1.5,-0.1104,28.079,1.3722,0.3506,1.5,-0.0718,0.0043,-0.0016,-0.0,0.0,0.0,-0.0881,-0.0,-0.0562,10.364,1,999.0,none,0,0,DEST_BAY_04,35.0,1.1756,0,0,0.8023
20.7,414,28.1496,1.4277,0.3377,1.5,-0.114,28.1496,1.3978,0.3451,1.5,-0.0736,0.0044,-0.0017,-0.0,0.0,0.0,-0.091,-0.0,-0.0579,12.707,1,999.0,none,0,0,DEST_BAY_04,35.0,1.1756,0,0,0.8043
20.75,415,28.2204,1.4526,0.3319,1.5,-0.1162,28.2204,1.4229,0.3395,1.5,-0.0753,0.0045,-0.0018,-0.0,0.0,0.0,-0.0927,-0.0,-0.0349,9.974,1,999.0,none,0,0,DEST_BAY_04,35.0,1.1756,0,0,0.8063
20.8,416,28.2913,1.477,0.326,1.5,-0.1188,28.2913,1.4477,0.3338,1.5,-0.0771,0.0046,-0.0019,-0.0,0.0,0.0,-0.0948,-0.0,-0.0417,11.751,1,999.0,none,0,0,DEST_BAY_04,35.0,1.1756,0,0,0.8083
20.85,417,28.3623,1.501,0.3199,1.5,-0.1209,28.3623,1.4721,0.328,1.5,-0.0789,0.0047,-0.002,-0.0,0.0,0.0,-0.0964,-0.0,-0.0324,9.783,1,999.0,none,0,0,DEST_BAY_04,35.0,1.1756,0,0,0.8104
20.9,418,28.4335,1.5246,0.3138,1.5,-0.1236,28.4335,1.496,0.322,1.5,-0.0807,0.0048,-0.0021,-0.0,0.0,0.0,-0.0986,-0.0,-0.0436,10.158,1,999.0,none,0,0,DEST_BAY_04,35.0,1.1756,0,0,0.8124
20.95,419,28.5049,1.5478,0.3074,1.5,-0.1264,28.5049,1.5195,0.3159,1.5,-0.0824,0.0049,-0.0021,-0.0,0.0,0.0,-0.1008,-0.0,-0.0434,13.306,1,999.0,none,0,0,DEST_BAY_04,35.0,1.1756,0,0,0.8144
21.0,420,28.5764,1.5705,0.301,1.5,-0.1292,28.5764,1.5426,0.3096,1.5,-0.0842,0.0049,-0.0022,-0.0,0.0,0.0,-0.103,-0.0,-0.045,11.294,1,999.0,none,0,0,DEST_BAY_04,35.0,1.1756,0,0,0.8165
21.05,421,28.648,1.5927,0.2945,1.5,-0.1305,28.648,1.5652,0.3033,1.5,-0.0859,0.005,-0.0023,-0.0,0.0,0.0,-0.104,-0.0,-0.0201,12.566,1,999.0,none,0,0,DEST_BAY_04,35.0,1.1756,0,0,0.8185
21.1,422,28.7198,1.6145,0.2878,1.5,-0.1333,28.7198,1.5874,0.2968,1.5,-0.0877,0.0051,-0.0023,-0.0,0.0,0.0,-0.1062,-0.0,-0.0437,9.594,1,999.0,none,0,0,DEST_BAY_04,35.0,1.1756,0,0,0.8206
21.15,423,28.7917,1.6358,0.2809,1.5,-0.1377,28.7917,1.6091,0.2901,1.5,-0.0894,0.0052,-0.0023,-0.0,0.0,0.0,-0.1097,-0.0,-0.0699,9.195,1,999.0,none,0,0,DEST_BAY_04,35.0,1.1756,0,0,0.8226
21.2,424,28.8637,1.6565,0.2739,1.5,-0.1394,28.8637,1.6303,0.2833,1.5,-0.0911,0.0053,-0.0024,-0.0,0.0,0.0,-0.1111,-0.0,-0.0273,12.696,1,999.0,none,0,0,DEST_BAY_04,35.0,1.1756,0,0,0.8247
21.25,425,28.9359,1.6768,0.2668,1.5,-0.1428,28.9359,1.651,0.2764,1.5,-0.0929,0.0054,-0.0025,-0.0,0.0,0.0,-0.1137,-0.0,-0.0537,7.426,1,999.0,none,0,0,DEST_BAY_04,35.0,1.1756,0,0,0.8267
21.3,426,29.0083,1.6966,0.2596,1.5,-0.1434,29.0083,1.6712,0.2694,1.5,-0.0945,0.0054,-0.0026,-0.0,0.0,0.0,-0.1142,-0.0,-0.0096,13.002,1,999.0,none,0,0,DEST_BAY_04,35.0,1.1756,0,0,0.8288
21.35,427,29.0808,1.7159,0.2523,1.5,-0.1464,29.0808,1.6909,0.2623,1.5,-0.0962,0.0055,-0.0026,-0.0,0.0,0.0,-0.1166,-0.0,-0.0477,13.484,1,999.0,none,0,0,DEST_BAY_04,35.0,1.1756,0,0,0.8309
21.4,428,29.1534,1.7346,0.2448,1.5,-0.1493,29.1534,1.7101,0.255,1.5,-0.0979,0.0056,-0.0027,-0.0,0.0,0.0,-0.1189,-0.0,-0.0458,7.82,1,999.0,none,0,0,DEST_BAY_04,35.0,1.1756,0,0,0.833
21.45,429,29.2262,1.7528,0.2372,1.5,-0.1524,29.2262,1.7287,0.2476,1.5,-0.0995,0.0057,-0.0027,-0.0,0.0,0.0,-0.1214,-0.0,-0.0491,11.193,1,999.0,none,0,0,DEST_BAY_04,35.0,1.1756,0,0,0.835
21.5,430,29.2991,1.7704,0.2295,1.5,-0.1537,29.2991,1.7468,0.2401,1.5,-0.1011,0.0058,-0.0028,-0.0,0.0,0.0,-0.1223,-0.0,-0.0191,11.572,1,999.0,none,0,0,DEST_BAY_04,35.0,1.1756,0,0,0.8371
21.55,431,29.3721,1.7875,0.2217,1.5,-0.157,29.3721,1.7644,0.2324,1.5,-0.1027,0.0059,-0.0029,-0.0,0.0,0.0,-0.125,-0.0,-0.0532,12.892,1,999.0,none,0,0,DEST_BAY_04,35.0,1.1756,0,0,0.8392
21.6,432,29.4453,1.804,0.2138,1.5,-0.1577,29.4453,1.7813,0.2247,1.5,-0.1042,0.006,-0.003,-0.0,0.0,0.0,-0.1255,-0.0,-0.0112,9.048,1,999.0,none,0,0,DEST_BAY_04,35.0,1.1756,0,0,0.8413
21.65,433,29.5185,1.8199,0.2058,1.5,-0.1609,29.5185,1.7978,0.2168,1.5,-0.1058,0.006,-0.003,-0.0,0.0,0.0,-0.128,-0.0,-0.0491,9.561,1,999.0,none,0,0,DEST_BAY_04,35.0,1.1756,0,0,0.8434
21.7,434,29.592,1.8352,0.1976,1.5,-0.163,29.592,1.8136,0.2088,1.5,-0.1073,0.0061,-0.003,-0.0,0.0,0.0,-0.1296,-0.0,-0.0329,10.765,1,999.0,none,0,0,DEST_BAY_04,35.0,1.1756,0,0,0.8455
21.75,435,29.6655,1.8499,0.1894,1.5,-0.165,29.6655,1.8289,0.2007,1.5,-0.1087,0.0062,-0.0031,-0.0,0.0,0.0,-0.1312,-0.0,-0.0323,12.193,1,999.0,none,0,0,DEST_BAY_04,35.0,1.1756,0,0,0.8476
21.8,436,29.7392,1.864,0.181,1.5,-0.1676,29.7392,1.8435,0.1925,1.5,-0.1101,0.0063,-0.0031,-0.0,0.0,0.0,-0.1333,-0.0,-0.0415,12.686,1,999.0,none,0,0,DEST_BAY_04,35.0,1.1756,0,0,0.8497
21.85,437,29.8129,1.8775,0.1725,1.5,-0.1696,29.8129,1.8575,0.1842,1.5,-0.1115,0.0064,-0.0032,-0.0,0.0,0.0,-0.1348,-0.0,-0.0305,11.104,1,999.0,none,0,0,DEST_BAY_04,35.0,1.1756,0,0,0.8518
21.9,438,29.8868,1.8904,0.1639,1.5,-0.1717,29.8868,1.871,0.1758,1.5,-0.1128,0.0065,-0.0033,-0.0,0.0,0.0,-0.1365,-0.0,-0.0333,8.102,1,999.0,none,0,0,DEST_BAY_04,35.0,1.1756,0,0,0.8539
21.95,439,29.9608,1.9026,0.1553,1.5,-0.1723,29.9608,1.8838,0.1673,1.5,-0.1141,0.0065,-0.0034,-0.0,0.0,0.0,-0.137,-0.0,-0.0089,10.105,1,999.0,none,0,0,DEST_BAY_04,35.0,1.1756,0,0,0.856
22.0,440,30.0349,1.9142,0.1465,1.5,-0.1756,30.0349,1.8959,0.1587,1.5,-0.1153,0.0066,-0.0034,-0.0,0.0,0.0,-0.1396,-0.0,-0.0522,7.259,1,999.0,none,0,0,DEST_BAY_04,35.0,1.1756,0,0,0.8581
22.05,441,30.1091,1.9252,0.1377,1.5,-0.1768,30.1091,1.9075,0.15,1.5,-0.1165,0.0067,-0.0035,-0.0,0.0,0.0,-0.1405,-0.0,-0.0191,12.269,1,999.0,none,0,0,DEST_BAY_04,35.0,1.1756,0,0,0.8603
22.1,442,30.1834,1.9355,0.1288,1.5,-0.1782,30.1834,1.9183,0.1412,1.5,-0.1176,0.0068,-0.0035,-0.0,0.0,0.0,-0.1416,-0.0,-0.0216,8.195,1,999.0,none,0,0,DEST_BAY_04,35.0,1.1756,0,0,0.8624
22.15,443,30.2578,1.9451,0.1197,1.5,-0.1811,30.2578,1.9286,0.1324,1.5,-0.1187,0.0069,-0.0036,-0.0,0.0,0.0,-0.1439,-0.0,-0.0461,9.983,1,999.0,none,0,0,DEST_BAY_04,35.0,1.1756,0,0,0.8645
22.2,444,30.3323,1.9541,0.1106,1.5,-0.1825,30.3323,1.9381,0.1234,1.5,-0.1197,0.0069,-0.0037,-0.0,0.0,0.0,-0.145,-0.0,-0.0208,11.225,1,999.0,none,0,0,DEST_BAY_04,35.0,1.1756,0,0,0.8666
22.25,445,30.4068,1.9624,0.1015,1.5,-0.1826,30.4068,1.947,0.1144,1.5,-0.1206,0.007,-0.0038,-0.0,0.0,0.0,-0.1451,-0.0,-0.0021,9.873,1,999.0,none,0,0,DEST_BAY_04,35.0,1.1756,0,0,0.8688
22.3,446,30.4814,1.9699,0.0922,1.5,-0.1846,30.4814,1.9553,0.1053,1.5,-0.1215,0.0071,-0.0039,-0.0,0.0,0.0,-0.1466,-0.0,-0.0314,8.455,1,999.0,none,0,0,DEST_BAY_04,35.0,1.1756,0,0,0.8709
22.35,447,30.5561,1.9769,0.083,1.5,-0.1845,30.5561,1.9628,0.0962,1.5,-0.1223,0.0071,-0.004,-0.0,0.0,0.0,-0.1466,-0.0,0.0014,9.624,1,999.0,none,0,0,DEST_BAY_04,35.0,1.1756,0,0,0.873
22.4,448,30.6308,1.9831,0.0736,1.5,-0.1873,30.6308,1.9697,0.087,1.5,-0.123,0.0072,-0.004,-0.0,0.0,0.0,-0.1488,-0.0,-0.0443,10.803,1,999.0,none,0,0,DEST_BAY_04,35.0,1.1756,0,0,0.8752
22.45,449,30.7056,1.9886,0.0642,1.5,-0.1877,30.7056,1.9758,0.0777,1.5,-0.1237,0.0072,-0.0041,-0.0,0.0,0.0,-0.1491,-0.0,-0.0059,10.821,1,999.0,none,0,0,DEST_BAY_04,35.0,1.1756,0,0,0.8773
22.5,450,30.7805,1.9934,0.0548,1.5,-0.1881,30.7805,1.9813,0.0684,1.5,-0.1243,0.0073,-0.0042,-0.0,0.0,0.0,-0.1493,-0.0,-0.0052,13.361,1,999.0,none,0,0,DEST_BAY_04,35.0,1.1756,0,0,0.8794
22.55,451,30.8554,1.9975,0.0454,1.5,-0.1894,30.8554,1.9861,0.0591,1.5,-0.1248,0.0073,-0.0043,-0.0,0.0,0.0,-0.1503,-0.0,-0.0203,11.347,1,999.0,none,0,0,DEST_BAY_04,35.0,1.1756,0,0,0.8816
22.6,452,30.9303,2.0009,0.0359,1.5,-0.19,30.9303,1.9902,0.0497,1.5,-0.1252,0.0073,-0.0044,-0.0,0.0,0.0,-0.1509,-0.0,-0.0107,11.521,1,999.0,none,0,0,DEST_BAY_04,35.0,1.1756,0,0,0.8837
22.65,453,31.0052,2.0036,0.0264,1.5,-0.1895,31.0052,1.9935,0.0403,1.5,-0.1256,0.0074,-0.0044,-0.0,0.0,0.0,-0.1505,-0.0,0.0077,11.891,1,999.0,none,0,0,DEST_BAY_04,35.0,1.1756,0,0,0.8859
22.7,454,31.0802,2.0056,0.0169,1.5,-0.1899,31.0802,1.9962,0.0309,1.5,-0.1259,0.0074,-0.0045,-0.0,0.0,0.0,-0.1508,-0.0,-0.0061,10.329,1,999.0,none,0,0,DEST_BAY_04,35.0,1.1756,0,0,0.888
22.75,455,31.1552,2.0069,0.0074,1.5,-0.1908,31.1552,1.9982,0.0214,1.5,-0.1261,0.0074,-0.0045,-0.0,0.0,0.0,-0.1515,-0.0,-0.0133,12.896,1,999.0,none,0,0,DEST_BAY_04,35.0,1.1756,0,0,0.8901
22.8,456,31.2302,2.0074,-0.0022,1.5,-0.1914,31.2302,1.9994,0.012,1.5,-0.1263,0.0074,-0.0046,-0.0,0.0,0.0,-0.152,-0.0,-0.01,11.025,1,999.0,none,0,0,DEST_BAY_04,35.0,1.1756,0,0,0.8923
22.85,457,31.3052,2.0072,-0.0117,1.5,-0.19,31.3052,2.0,0.0025,1.5,-0.1263,0.0074,-0.0047,-0.0,0.0,0.0,-0.1509,-0.0,0.0222,9.42,1,999.0,none,0,0,DEST_BAY_04,35.0,1.1756,0,0,0.8944
22.9,458,31.3802,2.0064,-0.0213,1.5,-0.1916,31.3802,1.9998,-0.007,1.5,-0.1263,0.0074,-0.0047,-0.0,0.0,0.0,-0.1521,-0.0,-0.0256,11.47,1,999.0,none,0,0,DEST_BAY_04,35.0,1.1756,0,0,0.8966
22.95,459,31.4552,2.0048,-0.0309,1.5,-0.1914,31.4552,1.9989,-0.0164,1.5,-0.1262,0.0074,-0.0048,-0.0,0.0,0.0,-0.152,-0.0,0.0034,11.742,1,999.0,none,0,0,DEST_BAY_04,35.0,1.1756,0,0,0.8987
23.0,460,31.5301,2.0025,-0.0404,1.5,-0.191,31.5301,1.9973,-0.0259,1.5,-0.126,0.0074,-0.005,-0.0,0.0,0.0,-0.1516,-0.0,0.0071,11.158,1,999.0,none,0,0,DEST_BAY_04,35.0,1.1756,0,0,0.9009
23.05,461,31.6051,1.9994,-0.0499,1.5,-0.1908,31.6051,1.995,-0.0353,1.5,-0.1258,0.0074,-0.0051,-0.0,0.0,0.0,-0.1515,-0.0,0.003,12.891,1,999.0,none,0,0,DEST_BAY_04,35.0,1.1756,0,0,0.903
23.1,462,31.68,1.9957,-0.0594,1.5,-0.1894,31.68,1.992,-0.0448,1.5,-0.1255,0.0074,-0.0052,-0.0,0.0,0.0,-0.1504,-0.0,0.0219,9.977,1,999.0,none,0,0,DEST_BAY_04,35.0,1.1756,0,0,0.9051
23.15,463,31.7548,1.9912,-0.0689,1.5,-0.1887,31.7548,1.9883,-0.0542,1.5,-0.125,0.0073,-0.0053,-0.0,0.0,0.0,-0.1498,-0.0,0.0104,10.851,1,999.0,none,0,0,DEST_BAY_04,35.0,1.1756,0,0,0.9073
23.2,464,31.8297,1.9861,-0.0782,1.5,-0.1874,31.8297,1.9839,-0.0635,1.5,-0.1246,0.0073,-0.0053,-0.0,0.0,0.0,-0.1488,-0.0,0.0203,9.059,1,999.0,none,0,0,DEST_BAY_04,35.0,1.1756,0,0,0.9094
23.25,465,31.9044,1.9802,-0.0876,1.5,-0.1867,31.9044,1.9788,-0.0728,1.5,-0.124,0.0072,-0.0054,-0.0,0.0,0.0,-0.1483,-0.0,0.0114,11.909,1,999.0,none,0,0,DEST_BAY_04,35.0,1.1756,0,0,0.9116
23.3,466,31.9792,1.9736,-0.0968,1.5,-0.1852,31.9792,1.973,-0.0821,1.5,-0.1234,0.0072,-0.0054,-0.0,0.0,0.0,-0.1471,-0.0,0.024,10.598,1,999.0,none,0,0,DEST_BAY_04,35.0,1.1756,0,0,0.9137
23.35,467,32.0538,1.9664,-0.106,1.5,-0.1838,32.0538,1.9665,-0.0913,1.5,-0.1227,0.0071,-0.0055,-0.0,0.0,0.0,-0.146,-0.0,0.0208,13.32,1,999.0,none,0,0,DEST_BAY_04,35.0,1.1756,0,0,0.9158
23.4,468,32.1284,1.9585,-0.1152,1.5,-0.1843,32.1284,1.9593,-0.1005,1.5,-0.1219,0.007,-0.0055,-0.0,0.0,0.0,-0.1463,-0.0,-0.0066,12.432,1,999.0,none,0,0,DEST_BAY_04,35.0,1.1756,0,0,0.918
23.45,469,32.2029,1.9498,-0.1243,1.4992,-0.1815,32.2029,1.9515,-0.1096,1.4882,-0.1211,0.007,-0.0056,0.0118,0.0,-0.0165,-0.1443,-0.33,0.0409,8.819,1,999.0,none,0,0,DEST_BAY_04,35.0,1.1756,0,0,0.9201
23.5,470,32.2773,1.9405,-0.1333,1.4958,-0.179,32.2773,1.9429,-0.1187,1.4511,-0.1202,0.0069,-0.0056,0.048,0.0,-0.0672,-0.1426,-1.0147,0.0331,12.281,1,999.0,none,0,0,DEST_BAY_04,35.0,1.1756,0,0,0.9222
23.55,471,32.3514,1.9306,-0.1422,1.4901,-0.1778,32.3514,1.9337,-0.1276,1.4141,-0.1192,0.0068,-0.0056,0.0817,0.0,-0.1144,-0.1422,-0.9439,0.009,11.903,1,999.0,none,0,0,DEST_BAY_04,35.0,1.1756,0,0,0.9243
23.6,472,32.4251,1.92,-0.151,1.4822,-0.1746,32.4251,1.9239,-0.1365,1.3771,-0.1182,0.0067,-0.0057,0.113,0.0,-0.1582,-0.1405,-0.8763,0.0346,13.266,1,999.0,none,0,0,DEST_BAY_04,35.0,1.1756,0,0,0.9264
23.65,473,32.4984,1.9089,-0.1596,1.4722,-0.1713,32.4984,1.9134,-0.1453,1.3402,-0.1171,0.0066,-0.0057,0.142,0.0,-0.1988,-0.1387,-0.8117,0.0345,8.087,1,999.0,none,0,0,DEST_BAY_04,35.0,1.1756,0,0,0.9285
23.7,474,32.5711,1.8972,-0.168,1.4604,-0.1672,32.5711,1.9024,-0.1539,1.3034,-0.116,0.0065,-0.0057,0.1688,0.0,-0.2363,-0.1366,-0.7501,0.0435,11.763,1,999.0,none,0,0,DEST_BAY_04,35.0,1.1756,0,0,0.9306
23.75,475,32.6431,1.885,-0.1764,1.4469,-0.1654,32.6431,1.8908,-0.1624,1.2669,-0.1148,0.0064,-0.0056,0.1935,0.0,-0.2709,-0.1363,-0.6914,0.0048,13.374,1,999.0,none,0,0,DEST_BAY_04,35.0,1.1756,0,0,0.9327
23.8,476,32.7143,1.8723,-0.1845,1.4317,-0.1605,32.7143,1.8787,-0.1707,1.2307,-0.1136,0.0062,-0.0056,0.2162,0.0,-0.3027,-0.1337,-0.6354,0.0528,9.504,1,999.0,none,0,0,DEST_BAY_04,35.0,1.1756,0,0,0.9347
23.85,477,32.7847,1.8592,-0.1925,1.4152,-0.1581,32.7847,1.8661,-0.1789,1.1948,-0.1123,0.0061,-0.0056,0.237,0.0,-0.3318,-0.1332,-0.5821,0.0088,12.181,1,999.0,none,0,0,DEST_BAY_04,35.0,1.1756,0,0,0.9367
23.9,478,32.8541,1.8456,-0.2002,1.3972,-0.1532,32.8541,1.8531,-0.1869,1.1592,-0.111,0.006,-0.0056,0.256,0.0,-0.3583,-0.1308,-0.5313,0.0484,10.065,1,999.0,none,0,0,DEST_BAY_04,35.0,1.1756,0,0,0.9387
23.95,479,32.9226,1.8317,-0.2078,1.3781,-0.1499,32.9226,1.8397,-0.1947,1.124,-0.1097,0.0059,-0.0055,0.2732,0.0,-0.3825,-0.1298,-0.4831,0.0206,11.439,1,999.0,none,0,0,DEST_BAY_04,35.0,1.1756,0,0,0.9406
24.0,480,32.99,1.8175,-0.2153,1.3579,-0.1462,32.99,1.8259,-0.2023,1.0893,-0.1084,0.0057,-0.0055,0.2888,0.0,-0.4044,-0.1285,-0.4373,0.0258,12.381,1,999.0,none,0,0,DEST_BAY_04,35.0,1.1756,0,0,0.9426
24.05,481,33.0563,1.803,-0.2225,1.3367,-0.1423,33.0563,1.8118,-0.2097,1.055,-0.1071,0.0056,-0.0055,0.3029,0.0,-0.424,-0.1271,-0.3938,0.0284,13.124,1,999.0,none,0,0,DEST_BAY_04,35.0,1.1756,0,0,0.9445
24.1,482,33.1215,1.7883,-0.2295,1.3146,-0.1371,33.1215,1.7974,-0.217,1.0212,-0.1057,0.0055,-0.0055,0.3155,0.0,-0.4417,-0.1245,-0.3525,0.0518,7.358,1,999.0,none,0,0,DEST_BAY_04,35.0,1.1756,0,0,0.9463
24.15,483,33.1855,1.7733,-0.2362,1.2917,-0.1329,33.1855,1.7828,-0.224,0.9879,-0.1044,0.0053,-0.0055,0.3267,0.0,-0.4573,-0.1229,-0.3134,0.0323,12.771,1,999.0,none,0,0,DEST_BAY_04,35.0,1.1756,0,0,0.9482
24.2,484,33.2483,1.7582,-0.2428,1.2682,-0.1301,33.2483,1.768,-0.2308,0.9552,-0.103,0.0052,-0.0054,0.3365,0.0,-0.4712,-0.1225,-0.2764,0.0083,8.595,1,999.0,none,0,0,DEST_BAY_04,35.0,1.1756,0,0,0.95
24.25,485,33.3099,1.743,-0.2492,1.244,-0.1251,33.3099,1.753,-0.2374,0.923,-0.1017,0.005,-0.0054,0.3452,0.0,-0.4832,-0.1201,-0.2414,0.0472,7.598,1,999.0,none,0,0,DEST_BAY_04,35.0,1.1756,0,0,0.9517
24.3,486,33.3702,1.7276,-0.2553,1.2193,-0.1199,33.3702,1.7379,-0.2438,0.8914,-0.1003,0.0049,-0.0054,0.3526,0.0,-0.4937,-0.1175,-0.2084,0.0522,9.104,1,999.0,none,0,0,DEST_BAY_04,35.0,1.1756,0,0,0.9534
24.35,487,33.4291,1.7122,-0.2613,1.1942,-0.1173,33.4291,1.7227,-0.25,0.8604,-0.099,0.0047,-0.0053,0.3589,0.0,-0.5025,-0.1173,-0.1772,0.0033,9.772,1,999.0,none,0,0,DEST_BAY_04,35.0,1.1756,0,0,0.9551
24.4,488,33.4868,1.6968,-0.267,1.1687,-0.1114,33.4868,1.7075,-0.256,0.83,-0.0976,0.0046,-0.0053,0.3642,0.0,-0.5099,-0.1139,-0.1478,0.0692,9.117,1,999.0,none,0,0,DEST_BAY_04,35.0,1.1756,0,0,0.9568
24.45,489,33.5432,1.6814,-0.2725,1.1429,-0.1072,33.5432,1.6922,-0.2618,0.8002,-0.0963,0.0044,-0.0052,0.3685,0.0,-0.5159,-0.1121,-0.1201,0.0349,10.304,1,999.0,none,0,0,DEST_BAY_04,35.0,1.1756,0,0,0.9584
24.5,490,33.5982,1.666,-0.2778,1.1169,-0.1034,33.5982,1.6769,-0.2674,0.7711,-0.095,0.0043,-0.0051,0.3719,0.0,-0.5206,-0.1106,-0.0941,0.0296,8.055,1,999.0,none,0,0,DEST_BAY_04,35.0,1.1756,0,0,0.9599
24.55,491,33.6519,1.6507,-0.2829,1.0907,-0.0998,33.6519,1.6617,-0.2728,0.7425,-0.0937,0.0041,-0.005,0.3744,0.0,-0.5241,-0.1094,-0.0696,0.0256,10.058,1,999.0,none,0,0,DEST_BAY_04,35.0,1.1756,0,0,0.9615
24.6,492,33.7043,1.6354,-0.2879,1.0644,-0.0969,33.7043,1.6465,-0.278,0.7147,-0.0925,0.004,-0.0049,0.376,0.0,-0.5264,-0.1088,-0.0467,0.0106,13.16,1,999.0,none,0,0,DEST_BAY_04,35.0,1.1756,0,0,0.963
24.65,493,33.7553,1.6203,-0.2927,1.038,-0.0934,33.7553,1.6314,-0.283,0.6874,-0.0912,0.0039,-0.0049,0.3769,0.0,-0.5277,-0.1076,-0.0252,0.0245,9.84,1,999.0,none,0,0,DEST_BAY_04,35.0,1.1756,0,0,0.9644
24.7,494,33.805,1.6054,-0.2972,1.0116,-0.0891,33.805,1.6165,-0.2878,0.6609,-0.09,0.0037,-0.0049,0.3771,0.0,-0.5279,-0.1054,-0.0052,0.0449,9.814,1,999.0,none,0,0,DEST_BAY_04,35.0,1.1756,0,0,0.9659
24.75,495,33.8534,1.5906,-0.3016,0.9852,-0.0858,33.8534,1.6016,-0.2924,0.635,-0.0888,0.0036,-0.0048,0.3766,0.0,-0.5273,-0.1042,0.0135,0.0239,7.824,1,999.0,none,0,0,DEST_BAY_04,35.0,1.1756,0,0,0.9672
24.8,496,33.9004,1.5759,-0.3059,0.9589,-0.0825,33.9004,1.5869,-0.2969,0.6097,-0.0877,0.0034,-0.0048,0.3755,0.0,-0.5257,-0.1029,0.0309,0.0246,13.195,1,999.0,none,0,0,DEST_BAY_04,35.0,1.1756,0,0,0.9686
24.85,497,33.9461,1.5615,-0.3099,0.9328,-0.0787,33.9461,1.5724,-0.3012,0.5851,-0.0865,0.0033,-0.0047,0.3738,0.0,-0.5234,-0.101,0.0471,0.0394,7.406,1,999.0,none,0,0,DEST_BAY_04,35.0,1.1756,0,0,0.9699
24.9,498,33.9906,1.5473,-0.3138,0.9068,-0.0758,33.9906,1.5581,-0.3053,0.5611,-0.0854,0.0032,-0.0046,0.3716,0.0,-0.5203,-0.1,0.0621,0.0192,13.188,1,999.0,none,0,0,DEST_BAY_04,35.0,1.1756,0,0,0.9712
24.95,499,34.0337,1.5333,-0.3175,0.8809,-0.0721,34.0337,1.544,-0.3092,0.5378,-0.0843,0.0031,-0.0046,0.3689,0.0,-0.5165,-0.0979,0.076,0.0423,12.589,1,999.0,none,0,0,DEST_BAY_04,35.0,1.1756,0,0,0.9724
25.0,500,34.0755,1.5195,-0.3211,0.8553,-0.0689,34.0755,1.5302,-0.313,0.5152,-0.0832,0.0029,-0.0045,0.3657,0.0,-0.512,-0.0964,0.0888,0.03,10.63,1,999.0,none,0,0,DEST_BAY_04,35.0,1.1756,0,0,0.9736
25.05,501,34.1161,1.506,-0.3245,0.83,-0.0661,34.1161,1.5166,-0.3167,0.4932,-0.0822,0.0028,-0.0044,0.3621,0.0,-0.507,-0.0953,0.1006,0.0212,13.36,1,999.0,none,0,0,DEST_BAY_04,35.0,1.1756,0,0,0.9747
25.1,502,34.1554,1.4928,-0.3278,0.8049,-0.0638,34.1554,1.5032,-0.3202,0.4718,-0.0812,0.0027,-0.0043,0.3582,0.0,-0.5014,-0.0949,0.1114,0.0089,8.396,1,999.0,none,0,0,DEST_BAY_04,35.0,1.1756,0,0,0.9759
25.15,503,34.1935,1.4798,-0.3309,0.7801,-0.0606,34.1935,1.4901,-0.3235,0.4511,-0.0802,0.0026,-0.0043,0.3538,0.0,-0.4954,-0.093,0.1213,0.0382,7.97,1,999.0,none,0,0,DEST_BAY_04,35.0,1.1756,0,0,0.977
25.2,504,34.2304,1.4671,-0.3339,0.7557,-0.058,34.2304,1.4772,-0.3267,0.431,-0.0793,0.0025,-0.0042,0.3492,0.0,-0.4888,-0.0919,0.1304,0.0213,11.375,1,999.0,none,0,0,DEST_BAY_04,35.0,1.1756,0,0,0.978
25.25,505,34.2661,1.4548,-0.3368,0.7316,-0.056,34.2661,1.4647,-0.3298,0.4115,-0.0784,0.0024,-0.0041,0.3442,0.0,-0.4819,-0.0916,0.1385,0.0067,11.243,1,999.0,none,0,0,DEST_BAY_04,35.0,1.1756,0,0,0.979
25.3,506,34.3007,1.4427,-0.3396,0.7079,-0.0533,34.3007,1.4524,-0.3327,0.3926,-0.0775,0.0023,-0.0041,0.339,0.0,-0.4746,-0.0901,0.1459,0.0292,12.157,1,999.0,none,0,0,DEST_BAY_04,35.0,1.1756,0,0,0.98
25.35,507,34.334,1.4309,-0.3422,0.6845,-0.0509,34.334,1.4404,-0.3355,0.3743,-0.0766,0.0022,-0.004,0.3336,0.0,-0.467,-0.089,0.1525,0.0215,8.734,1,999.0,none,0,0,DEST_BAY_04,35.0,1.1756,0,0,0.981
25.4,508,34.3663,1.4194,-0.3447,0.6616,-0.0484,34.3663,1.4287,-0.3382,0.3566,-0.0758,0.0021,-0.004,0.3279,0.0,-0.4591,-0.0875,0.1584,0.0305,7.632,1,999.0,none,0,0,DEST_BAY_04,35.0,1.1756,0,0,0.9819
25.45,509,34.3974,1.4082,-0.3471,0.639,-0.0462,34.3974,1.4173,-0.3408,0.3395,-0.0749,0.002,-0.0039,0.3221,0.0,-0.4509,-0.0865,0.1637,0.0193,12.02,1,999.0,none,0,0,DEST_BAY_04,35.0,1.1756,0,0,0.9828
25.5,510,34.4275,1.3974,-0.3494,0.6169,-0.0443,34.4275,1.4062,-0.3433,0.323,-0.0742,0.0019,-0.0038,0.316,0.0,-0.4425,-0.086,0.1683,0.0112,12.679,1,999.0,none,0,0,DEST_BAY_04,35.0,1.1756,0,0,0.9836
25.55,511,34.4564,1.3868,-0.3516,0.5952,-0.0422,34.4564,1.3954,-0.3456,0.307,-0.0734,0.0018,-0.0037,0.3099,0.0,-0.4339,-0.0848,0.1722,0.023,9.27,1,999.0,none,0,0,DEST_BAY_04,35.0,1.1756,0,0,0.9845
25.6,512,34.4844,1.3766,-0.3536,0.574,-0.0401,34.4844,1.385,-0.3479,0.2916,-0.0727,0.0017,-0.0037,0.3036,0.0,-0.4251,-0.0837,0.1757,0.0235,7.218,1,999.0,none,0,0,DEST_BAY_04,35.0,1.1756,0,0,0.9853
25.65,513,34.5113,1.3666,-0.3556,0.5531,-0.0382,34.5113,1.3748,-0.35,0.2767,-0.072,0.0016,-0.0036,0.2972,0.0,-0.4161,-0.0826,0.1785,0.0208,12.608,1,999.0,none,0,0,DEST_BAY_04,35.0,1.1756,0,0,0.986
25.7,514,34.5372,1.357,-0.3575,0.5328,-0.0367,34.5372,1.365,-0.3521,0.2624,-0.0713,0.0016,-0.0035,0.2908,0.0,-0.4071,-0.0825,0.1809,0.0019,8.779,1,999.0,none,0,0,DEST_BAY_04,35.0,1.1756,0,0,0.9868
25.75,515,34.5622,1.3477,-0.3593,0.5129,-0.035,34.5622,1.3554,-0.354,0.2485,-0.0707,0.0015,-0.0035,0.2843,0.0,-0.398,-0.0817,0.1828,0.0165,8.299,1,999.0,none,0,0,DEST_BAY_04,35.0,1.1756,0,0,0.9875
25.8,516,34.5862,1.3386,-0.3611,0.4935,-0.0335,34.5862,1.3461,-0.3559,0.2352,-0.07,0.0014,-0.0034,0.2777,0.0,-0.3887,-0.0812,0.1842,0.0096,7.294,1,999.0,none,0,0,DEST_BAY_04,35.0,1.1756,0,0,0.9882
25.85,517,34.6093,1.3299,-0.3627,0.4745,-0.0319,34.6093,1.3372,-0.3577,0.2224,-0.0694,0.0014,-0.0034,0.2711,0.0,-0.3795,-0.0805,0.1853,0.0138,12.177,1,999.0,none,0,0,DEST_BAY_04,35.0,1.1756,0,0,0.9888
25.9,518,34.6314,1.3215,-0.3643,0.456,-0.0304,34.6314,1.3285,-0.3594,0.2101,-0.0688,0.0013,-0.0033,0.2644,0.0,-0.3702,-0.0797,0.1859,0.0166,8.298,1,999.0,none,0,0,DEST_BAY_04,35.0,1.1756,0,0,0.9895
25.95,519,34.6527,1.3134,-0.3658,0.4381,-0.0288,34.6527,1.3202,-0.361,0.2,-0.0683,0.0012,-0.0033,0.256,0.0,-0.3584,-0.0786,0.2366,0.0215,7.53,1,999.0,none,0,0,DEST_BAY_04,35.0,1.1756,0,0,0.9901
26.0,520,34.6732,1.3055,-0.3673,0.4214,-0.0276,34.6732,1.3121,-0.3626,0.2,-0.0677,0.0012,-0.0032,0.2381,0.0,-0.3333,-0.0785,0.5017,0.0032,11.898,1,999.0,none,0,0,DEST_BAY_04,35.0,1.1756,0,0,0.9907
26.05,521,34.6929,1.298,-0.3686,0.4059,-0.0266,34.6929,1.3044,-0.3641,0.2,-0.0672,0.0011,-0.0032,0.2214,0.0,-0.3099,-0.0784,0.4666,0.0008,10.2,1,999.0,none,0,0,DEST_BAY_04,35.0,1.1756,0,0,0.9912
26.1,522,34.7118,1.2907,-0.3699,0.3915,-0.0252,34.7118,1.2968,-0.3655,0.2,-0.0667,0.0011,-0.0032,0.2059,0.0,-0.2882,-0.0771,0.4339,0.0264,7.887,1,999.0,none,0,0,DEST_BAY_04,35.0,1.1756,0,0,0.9918
26.15,523,34.73,1.2836,-0.3712,0.3781,-0.0244,34.73,1.2896,-0.3668,0.2,-0.0663,0.001,-0.0031,0.1915,0.0,-0.2681,-0.0772,0.4035,-0.0026,10.374,1,999.0,none,0,0,DEST_BAY_04,35.0,1.1756,0,0,0.9923
26.2,524,34.7477,1.2767,-0.3724,0.3656,-0.0232,34.7477,1.2826,-0.3681,0.2,-0.0658,0.001,-0.0031,0.1781,0.0,-0.2493,-0.076,0.3753,0.0258,12.134,1,999.0,none,0,0,DEST_BAY_04,35.0,1.1756,0,0,0.9928
26.25,525,34.7647,1.2701,-0.3736,0.354,-0.0224,34.7647,1.2758,-0.3693,0.2,-0.0654,0.0009,-0.0031,0.1656,0.0,-0.2319,-0.0756,0.349,0.0067,12.662,1,999.0,none,0,0,DEST_BAY_04,35.0,1.1756,0,0,0.9933
26.3,526,34.7812,1.2636,-0.3747,0.3432,-0.0217,34.7812,1.2692,-0.3705,0.2,-0.0649,0.0009,-0.003,0.154,0.0,-0.2156,-0.0756,0.3246,0.0002,13.273,1,999.0,none,0,0,DEST_BAY_04,35.0,1.1756,0,0,0.9937
26.35,527,34.7971,1.2573,-0.3757,0.3332,-0.0208,34.7971,1.2627,-0.3717,0.2,-0.0645,0.0008,-0.003,0.1432,0.0,-0.2005,-0.0746,0.3019,0.0195,7.583,1,999.0,none,0,0,DEST_BAY_04,35.0,1.1756,0,0,0.9942
26.4,528,34.8126,1.2512,-0.3768,0.3239,-0.0202,34.8126,1.2565,-0.3728,0.2,-0.0641,0.0008,-0.003,0.1332,0.0,-0.1865,-0.0746,0.2807,0.001,11.522,1,999.0,none,0,0,DEST_BAY_04,35.0,1.1756,0,0,0.9946
26.45,529,34.8277,1.2453,-0.3778,0.3152,-0.0194,34.8277,1.2504,-0.3738,0.2,-0.0637,0.0007,-0.0029,0.1239,0.0,-0.1734,-0.0735,0.2611,0.0208,10.289,1,999.0,none,0,0,DEST_BAY_04,35.0,1.1756,0,0,0.9951
26.5,530,34.8423,1.2395,-0.3787,0.3071,-0.0187,34.8423,1.2445,-0.3749,0.2,-0.0633,0.0007,-0.0029,0.1152,0.0,-0.1613,-0.073,0.2428,0.0109,7.709,1,999.0,none,0,0,DEST_BAY_04,35.0,1.1756,0,0,0.9955
26.55,531,34.8566,1.2338,-0.3797,0.2996,-0.0182,34.8566,1.2387,-0.3759,0.2,-0.063,0.0007,-0.0029,0.1071,0.0,-0.15,-0.0728,0.2258,0.0033,11.032,1,999.0,none,0,0,DEST_BAY_04,35.0,1.1756,0,0,0.9959
26.6,532,34.8705,1.2282,-0.3806,0.2927,-0.0176,34.8705,1.2331,-0.3768,0.2,-0.0626,0.0006,-0.0028,0.0996,0.0,-0.1395,-0.0719,0.21,0.018,11.188,1,999.0,none,0,0,DEST_BAY_04,35.0,1.1756,0,0,0.9963
26.65,533,34.8841,1.2228,-0.3815,0.2862,-0.0171,34.8841,1.2276,-0.3778,0.2,-0.0623,0.0006,-0.0028,0.0927,0.0,-0.1297,-0.0717,0.1953,0.004,10.655,1,999.0,none,0,0,DEST_BAY_04,35.0,1.1756,0,0,0.9967
26.7,534,34.8974,1.2175,-0.3823,0.2802,-0.0169,34.8974,1.2222,-0.3787,0.2,-0.0619,0.0006,-0.0028,0.0862,0.0,-0.1207,-0.0722,0.1816,-0.0099,10.543,1,999.0,none,0,0,DEST_BAY_04,35.0,1.1756,0,0,0.9971
26.75,535,34.9104,1.2122,-0.3831,0.2745,-0.016,34.9104,1.2169,-0.3796,0.2,-0.0616,0.0005,-0.0028,0.0802,0.0,-0.1122,-0.0696,0.1689,0.0516,10.058,1,999.0,none,0,0,DEST_BAY_04,35.0,1.1756,0,0,0.9974
26.8,536,34.9231,1.2071,-0.3839,0.2693,-0.0159,34.9231,1.2117,-0.3804,0.2,-0.0613,0.0005,-0.0027,0.0745,0.0,-0.1044,-0.0709,0.1571,-0.0251,11.621,1,999.0,none,0,0,DEST_BAY_04,35.0,1.1756,0,0,0.9978
26.85,537,34.9356,1.2021,-0.3847,0.2645,-0.0156,34.9356,1.2066,-0.3813,0.2,-0.0609,0.0005,-0.0027,0.0693,0.0,-0.0971,-0.0705,0.1461,0.0084,12.573,1,999.0,none,0,0,DEST_BAY_04,35.0,1.1756,0,0,0.9982
