timestamp,step,x,y,yaw,v,omega,x_ref,y_ref,yaw_ref,v_ref,curvature_ref,lateral_error,heading_error,velocity_error,longitudinal_error,accel,steering_angle,jerk_accel,steering_rate,mpc_comp_time_ms,mpc_status,min_clearance,nearest_obstacle_id,collision_detected,collision_count,active_destination_id,goal_x,goal_y,replan_count,replan_in_progress,route_completion_ratio
0.0,0,0.0,0.0,0.465,0.075,0.0001,0.0,0.0,0.4658,1.5,-0.0,0.0,-0.0008,-1.5,0.0,1.5,0.0008,0.0,0.0,8.933,1,15.5783,moving_forklift,0,0,DEST_BAY_01,30.0,1.9021,0,0,0.0
0.05,1,0.0034,0.0017,0.465,0.15,0.0001,0.0034,0.0,0.4658,1.5,-0.0,0.0,-0.0008,-1.425,0.0,1.5,0.0008,0.0,-0.0003,8.606,1,15.5717,moving_forklift,0,0,DEST_BAY_01,30.0,1.9021,0,0,0.0001
0.1,2,0.0101,0.005,0.465,0.225,0.0001,0.0101,0.0017,0.4658,1.5,-0.0001,-0.0,-0.0008,-1.35,0.0,1.5,0.0007,0.0,-0.0014,12.821,1,15.5621,moving_forklift,0,0,DEST_BAY_01,30.0,1.9021,0,0,0.0003
0.15,3,0.0201,0.0101,0.465,0.3,-0.0,0.0201,0.0051,0.4658,1.5,-0.0002,-0.0,-0.0008,-1.275,0.0,1.5,-0.0001,0.0,-0.0174,7.748,1,15.5497,moving_forklift,0,0,DEST_BAY_01,30.0,1.9021,0,0,0.0007
0.2,4,0.0335,0.0168,0.465,0.375,0.0001,0.0335,0.0101,0.4658,1.5,-0.0005,-0.0,-0.0008,-1.2,0.0,1.5,0.0002,0.0,0.0074,8.577,1,15.5343,moving_forklift,0,0,DEST_BAY_01,30.0,1.9021,0,0,0.0011
0.25,5,0.0503,0.0252,0.465,0.45,0.0,0.0503,0.0168,0.4658,1.5,-0.0008,-0.0,-0.0007,-1.125,0.0,1.5,0.0,0.0,-0.004,10.384,1,15.516,moving_forklift,0,0,DEST_BAY_01,30.0,1.9021,0,0,0.0017
0.3,6,0.0704,0.0353,0.465,0.5235,-0.0001,0.0704,0.0253,0.4657,1.5,-0.0011,-0.0,-0.0007,-1.05,0.0,1.47,-0.0002,-0.6,-0.0039,11.294,1,15.4948,moving_forklift,0,0,DEST_BAY_01,30.0,1.9021,0,0,0.0023
0.35,7,0.0938,0.0471,0.465,0.5919,-0.0005,0.0938,0.0354,0.4657,1.5,-0.0016,-0.0001,-0.0007,-0.9765,0.0,1.3671,-0.001,-2.058,-0.0167,10.633,1,15.4707,moving_forklift,0,0,DEST_BAY_01,30.0,1.9021,0,0,0.0031
0.4,8,0.1202,0.0603,0.4649,0.6554,-0.0009,0.1202,0.0471,0.4657,1.5,-0.0021,-0.0001,-0.0007,-0.9081,0.0,1.2714,-0.0016,-1.9139,-0.0117,12.299,1,15.4439,moving_forklift,0,0,DEST_BAY_01,30.0,1.9021,0,0,0.004
0.45,9,0.1495,0.075,0.4649,0.7145,-0.0011,0.1495,0.0604,0.4656,1.5,-0.0027,-0.0001,-0.0006,-0.8446,0.0,1.1824,-0.0018,-1.78,-0.0041,7.241,1,15.4147,moving_forklift,0,0,DEST_BAY_01,30.0,1.9021,0,0,0.005
0.5,10,0.1815,0.091,0.4648,0.7695,-0.0019,0.1815,0.0751,0.4655,1.5,-0.0034,-0.0001,-0.0006,-0.7855,0.0,1.0996,-0.003,-1.6554,-0.0246,9.344,1,15.3832,moving_forklift,0,0,DEST_BAY_01,30.0,1.9021,0,0,0.006
0.55,11,0.2159,0.1083,0.4646,0.8207,-0.0034,0.2159,0.0912,0.4654,1.5,-0.0041,-0.0001,-0.0005,-0.7305,0.0,1.0227,-0.0049,-1.5395,-0.0379,8.18,1,15.3495,moving_forklift,0,0,DEST_BAY_01,30.0,1.9021,0,0,0.0072
0.6,12,0.2525,0.1267,0.4645,0.8682,-0.0034,0.2525,0.1084,0.4652,1.5,-0.0049,-0.0002,-0.0005,-0.6793,0.0,0.9511,-0.0047,-1.4317,0.0045,7.784,1,15.3138,moving_forklift,0,0,DEST_BAY_01,30.0,1.9021,0,0,0.0084
0.65,13,0.2914,0.1461,0.4643,0.9124,-0.0048,0.2914,0.1269,0.465,1.5,-0.0057,-0.0002,-0.0005,-0.6318,0.0,0.8845,-0.0063,-1.3315,-0.0321,7.809,1,15.2763,moving_forklift,0,0,DEST_BAY_01,30.0,1.9021,0,0,0.0097
0.7,14,0.3321,0.1665,0.464,0.9536,-0.0055,0.3321,0.1463,0.4647,1.5,-0.0066,-0.0002,-0.0004,-0.5876,0.0,0.8226,-0.0069,-1.2383,-0.0116,12.285,1,15.2371,moving_forklift,0,0,DEST_BAY_01,30.0,1.9021,0,0,0.0111
0.75,15,0.3748,0.1879,0.4636,0.9918,-0.0074,0.3748,0.1668,0.4644,1.5,-0.0075,-0.0002,-0.0004,-0.5464,0.0,0.765,-0.009,-1.1516,-0.0424,11.797,1,15.1963,moving_forklift,0,0,DEST_BAY_01,30.0,1.9021,0,0,0.0125
0.8,16,0.4191,0.2101,0.4632,1.0274,-0.0094,0.4191,0.1881,0.464,1.5,-0.0085,-0.0002,-0.0003,-0.5082,0.0,0.7115,-0.0109,-1.071,-0.0387,9.585,1,15.154,moving_forklift,0,0,DEST_BAY_01,30.0,1.9021,0,0,0.014
0.85,17,0.4651,0.233,0.4627,1.0605,-0.0098,0.4651,0.2103,0.4635,1.5,-0.0095,-0.0002,-0.0004,-0.4726,0.0,0.6617,-0.0111,-0.996,-0.0038,10.678,1,15.1102,moving_forklift,0,0,DEST_BAY_01,30.0,1.9021,0,0,0.0155
0.9,18,0.5125,0.2567,0.4622,1.0912,-0.0107,0.5125,0.2332,0.463,1.5,-0.0106,-0.0002,-0.0003,-0.4395,0.0,0.6153,-0.0118,-0.9263,-0.0132,12.629,1,15.0653,moving_forklift,0,0,DEST_BAY_01,30.0,1.9021,0,0,0.0171
0.95,19,0.5614,0.281,0.4616,1.1199,-0.0132,0.5614,0.2569,0.4624,1.5,-0.0116,-0.0002,-0.0002,-0.4088,0.0,0.5723,-0.0141,-0.8615,-0.0463,10.837,1,15.0191,moving_forklift,0,0,DEST_BAY_01,30.0,1.9021,0,0,0.0187
1.0,20,0.6115,0.3059,0.4609,1.1465,-0.0142,0.6115,0.2812,0.4618,1.5,-0.0127,-0.0002,-0.0002,-0.3801,0.0,0.5322,-0.0149,-0.8012,-0.016,8.636,1,14.9718,moving_forklift,0,0,DEST_BAY_01,30.0,1.9021,0,0,0.0204
1.05,21,0.6629,0.3314,0.4601,1.1712,-0.016,0.6629,0.3062,0.461,1.5,-0.0139,-0.0002,-0.0002,-0.3535,0.0,0.495,-0.0164,-0.7451,-0.0309,9.023,1,14.9234,moving_forklift,0,0,DEST_BAY_01,30.0,1.9021,0,0,0.0221
1.1,22,0.7153,0.3574,0.4592,1.1942,-0.0174,0.7153,0.3316,0.4602,1.5,-0.0151,-0.0002,-0.0001,-0.3288,0.0,0.4603,-0.0174,-0.6929,-0.0201,7.836,1,14.8742,moving_forklift,0,0,DEST_BAY_01,30.0,1.9021,0,0,0.0238
1.15,23,0.7689,0.3839,0.4583,1.2156,-0.0194,0.7689,0.3576,0.4593,1.5,-0.0163,-0.0002,-0.0001,-0.3058,0.0,0.4281,-0.0191,-0.6444,-0.0336,8.951,1,14.824,moving_forklift,0,0,DEST_BAY_01,30.0,1.9021,0,0,0.0256
1.2,24,0.8234,0.4108,0.4572,1.2355,-0.0218,0.8234,0.3841,0.4583,1.5,-0.0175,-0.0001,-0.0,-0.2844,0.0,0.3981,-0.0212,-0.5993,-0.041,9.532,1,14.7729,moving_forklift,0,0,DEST_BAY_01,30.0,1.9021,0,0,0.0274
1.25,25,0.8788,0.4381,0.456,1.254,-0.0238,0.8788,0.4109,0.4572,1.5,-0.0188,-0.0001,0.0,-0.2645,0.0,0.3702,-0.0228,-0.5574,-0.0322,8.52,1,14.7211,moving_forklift,0,0,DEST_BAY_01,30.0,1.9021,0,0,0.0293
1.3,26,0.9351,0.4657,0.4548,1.2713,-0.0256,0.9351,0.4381,0.456,1.5,-0.02,-0.0001,0.0001,-0.246,0.0,0.3443,-0.0241,-0.5183,-0.0272,11.283,1,14.6686,moving_forklift,0,0,DEST_BAY_01,30.0,1.9021,0,0,0.0312
1.35,27,0.9922,0.4936,0.4535,1.2873,-0.0263,0.9922,0.4657,0.4547,1.5,-0.0213,-0.0,0.0001,-0.2287,0.0,0.3202,-0.0245,-0.4821,-0.0069,11.038,1,14.6153,moving_forklift,0,0,DEST_BAY_01,30.0,1.9021,0,0,0.0331
1.4,28,1.0501,0.5218,0.452,1.3022,-0.0293,1.0501,0.4936,0.4533,1.5,-0.0227,0.0,0.0002,-0.2127,0.0,0.2978,-0.027,-0.4483,-0.0506,8.229,1,14.5615,moving_forklift,0,0,DEST_BAY_01,30.0,1.9021,0,0,0.035
1.45,29,1.1086,0.5502,0.4505,1.316,-0.0312,1.1086,0.5217,0.4518,1.5,-0.024,0.0001,0.0002,-0.1978,0.0,0.277,-0.0284,-0.4169,-0.0279,9.591,1,14.507,moving_forklift,0,0,DEST_BAY_01,30.0,1.9021,0,0,0.037
1.5,30,1.1679,0.5789,0.4488,1.3289,-0.0334,1.1679,0.5501,0.4502,1.5,-0.0254,0.0001,0.0003,-0.184,0.0,0.2576,-0.0302,-0.3878,-0.0353,10.709,1,14.452,moving_forklift,0,0,DEST_BAY_01,30.0,1.9021,0,0,0.0389
1.55,31,1.2277,0.6077,0.447,1.3409,-0.0366,1.2277,0.5786,0.4485,1.5,-0.0267,0.0002,0.0004,-0.1711,0.0,0.2395,-0.0327,-0.3606,-0.0511,11.513,1,14.3964,moving_forklift,0,0,DEST_BAY_01,30.0,1.9021,0,0,0.0409
1.6,32,1.2882,0.6367,0.4451,1.352,-0.0383,1.2882,0.6074,0.4466,1.5,-0.0281,0.0003,0.0004,-0.1591,0.0,0.2228,-0.034,-0.3354,-0.0249,8.643,1,14.3404,moving_forklift,0,0,DEST_BAY_01,30.0,1.9021,0,0,0.0429
1.65,33,1.3492,0.6658,0.443,1.3624,-0.042,1.3492,0.6363,0.4447,1.5,-0.0296,0.0004,0.0004,-0.148,0.0,0.2072,-0.037,-0.3119,-0.0604,7.402,1,14.2838,moving_forklift,0,0,DEST_BAY_01,30.0,1.9021,0,0,0.045
1.7,34,1.4107,0.695,0.4408,1.372,-0.0437,1.4107,0.6653,0.4427,1.5,-0.031,0.0005,0.0004,-0.1376,0.0,0.1927,-0.0382,-0.2901,-0.024,8.529,1,14.2269,moving_forklift,0,0,DEST_BAY_01,30.0,1.9021,0,0,0.047
1.75,35,1.4728,0.7243,0.4386,1.381,-0.0455,1.4728,0.6943,0.4405,1.5,-0.0325,0.0006,0.0004,-0.128,0.0,0.1792,-0.0395,-0.2698,-0.026,13.14,1,14.1695,moving_forklift,0,0,DEST_BAY_01,30.0,1.9021,0,0,0.0491
1.8,36,1.5353,0.7536,0.4362,1.3893,-0.048,1.5353,0.7235,0.4382,1.5,-0.0339,0.0007,0.0004,-0.119,0.0,0.1667,-0.0414,-0.2509,-0.0385,11.329,1,14.1117,moving_forklift,0,0,DEST_BAY_01,30.0,1.9021,0,0,0.0512
1.85,37,1.5982,0.7829,0.4337,1.397,-0.0512,1.5982,0.7527,0.4358,1.5,-0.0354,0.0008,0.0004,-0.1107,0.0,0.155,-0.0439,-0.2333,-0.0501,9.692,1,14.0535,moving_forklift,0,0,DEST_BAY_01,30.0,1.9021,0,0,0.0533
1.9,38,1.6616,0.8123,0.431,1.4043,-0.0527,1.6616,0.7819,0.4333,1.5,-0.0369,0.0009,0.0003,-0.103,0.0,0.1441,-0.045,-0.217,-0.0217,8.869,1,13.995,moving_forklift,0,0,DEST_BAY_01,30.0,1.9021,0,0,0.0554
1.95,39,1.7254,0.8416,0.4282,1.411,-0.0561,1.7254,0.8112,0.4307,1.5,-0.0384,0.001,0.0003,-0.0957,0.0,0.134,-0.0477,-0.2018,-0.0539,8.754,1,13.9361,moving_forklift,0,0,DEST_BAY_01,30.0,1.9021,0,0,0.0575
2.0,40,1.7896,0.8709,0.4253,1.4172,-0.0587,1.7896,0.8404,0.4279,1.5,-0.04,0.0012,0.0003,-0.089,0.0,0.1247,-0.0497,-0.1877,-0.0395,10.883,1,13.8769,moving_forklift,0,0,DEST_BAY_01,30.0,1.9021,0,0,0.0597
2.05,41,1.8541,0.9002,0.4223,1.423,-0.061,1.8541,0.8695,0.4251,1.5,-0.0415,0.0013,0.0003,-0.0828,0.0,0.1159,-0.0514,-0.1745,-0.0339,12.856,1,13.8174,moving_forklift,0,0,DEST_BAY_01,30.0,1.9021,0,0,0.0618
2.1,42,1.919,0.9293,0.4191,1.4284,-0.0637,1.919,0.8986,0.4221,1.5,-0.0431,0.0014,0.0002,-0.077,0.0,0.1078,-0.0535,-0.1623,-0.0415,13.484,1,13.7575,moving_forklift,0,0,DEST_BAY_01,30.0,1.9021,0,0,0.064
2.15,43,1.9843,0.9584,0.4158,1.4334,-0.0656,1.9843,0.9277,0.419,1.5,-0.0447,0.0015,0.0002,-0.0716,0.0,0.1003,-0.0549,-0.1509,-0.029,10.41,1,13.6974,moving_forklift,0,0,DEST_BAY_01,30.0,1.9021,0,0,0.0661
2.2,44,2.0498,0.9873,0.4124,1.4381,-0.0683,2.0498,0.9566,0.4157,1.5,-0.0463,0.0017,0.0001,-0.0666,0.0,0.0933,-0.057,-0.1404,-0.0414,7.891,1,13.6369,moving_forklift,0,0,DEST_BAY_01,30.0,1.9021,0,0,0.0683
2.25,45,2.1157,1.0162,0.4089,1.4424,-0.071,2.1157,0.9854,0.4123,1.5,-0.0479,0.0018,0.0001,-0.0619,0.0,0.0867,-0.059,-0.1306,-0.0409,11.153,1,13.5762,moving_forklift,0,0,DEST_BAY_01,30.0,1.9021,0,0,0.0705
2.3,46,2.1819,1.0448,0.4052,1.4464,-0.0736,2.1819,1.0141,0.4088,1.5,-0.0495,0.0019,0.0001,-0.0576,0.0,0.0807,-0.061,-0.1214,-0.0391,7.6,1,13.5153,moving_forklift,0,0,DEST_BAY_01,30.0,1.9021,0,0,0.0727
2.35,47,2.2484,1.0733,0.4014,1.4502,-0.077,2.2484,1.0426,0.4052,1.5,-0.0511,0.0021,0.0,-0.0536,0.0,0.075,-0.0636,-0.1129,-0.0533,9.604,1,13.454,moving_forklift,0,0,DEST_BAY_01,30.0,1.9021,0,0,0.0749
2.4,48,2.3151,1.1017,0.3975,1.4537,-0.0783,2.3151,1.071,0.4015,1.5,-0.0528,0.0022,-0.0001,-0.0498,0.0,0.0698,-0.0645,-0.105,-0.0174,13.318,1,13.3925,moving_forklift,0,0,DEST_BAY_01,30.0,1.9021,0,0,0.0772
2.45,49,2.3821,1.1298,0.3934,1.4569,-0.0817,2.3821,1.0991,0.3976,1.5,-0.0544,0.0023,-0.0001,-0.0463,0.0,0.0649,-0.0672,-0.0977,-0.0541,12.623,1,13.3307,moving_forklift,0,0,DEST_BAY_01,30.0,1.9021,0,0,0.0794
2.5,50,2.4494,1.1577,0.3892,1.4599,-0.0834,2.4494,1.1271,0.3936,1.5,-0.0561,0.0025,-0.0002,-0.0431,0.0,0.0603,-0.0684,-0.0908,-0.0247,11.495,1,13.2687,moving_forklift,0,0,DEST_BAY_01,30.0,1.9021,0,0,0.0816
2.55,51,2.5169,1.1854,0.3849,1.4627,-0.0871,2.5169,1.1549,0.3894,1.5,-0.0578,0.0026,-0.0002,-0.0401,0.0,0.0561,-0.0713,-0.0845,-0.057,10.583,1,13.2064,moving_forklift,0,0,DEST_BAY_01,30.0,1.9021,0,0,0.0839
2.6,52,2.5847,1.2129,0.3804,1.4653,-0.0899,2.5847,1.1824,0.3851,1.5,-0.0594,0.0028,-0.0002,-0.0373,0.0,0.0522,-0.0735,-0.0786,-0.044,7.903,1,13.1439,moving_forklift,0,0,DEST_BAY_01,30.0,1.9021,0,0,0.0862
2.65,53,2.6528,1.2401,0.3758,1.4678,-0.0916,2.6528,1.2098,0.3807,1.5,-0.0611,0.0029,-0.0003,-0.0347,0.0,0.0485,-0.0748,-0.0731,-0.0256,9.939,1,13.0811,moving_forklift,0,0,DEST_BAY_01,30.0,1.9021,0,0,0.0884
2.7,54,2.721,1.267,0.371,1.47,-0.0967,2.721,1.2368,0.3762,1.5,-0.0629,0.0031,-0.0004,-0.0322,0.0,0.0451,-0.0788,-0.0679,-0.0806,12.718,1,13.0181,moving_forklift,0,0,DEST_BAY_01,30.0,1.9021,0,0,0.0907
2.75,55,2.7895,1.2937,0.3661,1.4721,-0.0974,2.7895,1.2636,0.3715,1.5,-0.0646,0.0032,-0.0005,-0.03,0.0,0.042,-0.0793,-0.0632,-0.0091,8.859,1,12.9548,moving_forklift,0,0,DEST_BAY_01,30.0,1.9021,0,0,0.093
2.8,56,2.8582,1.32,0.3611,1.4741,-0.101,2.8582,1.2901,0.3667,1.5,-0.0663,0.0034,-0.0006,-0.0279,0.0,0.039,-0.082,-0.0588,-0.0557,12.95,1,12.8913,moving_forklift,0,0,DEST_BAY_01,30.0,1.9021,0,0,0.0953
2.85,57,2.9272,1.3461,0.3559,1.4759,-0.1033,2.9272,1.3163,0.3618,1.5,-0.068,0.0035,-0.0007,-0.0259,0.0,0.0363,-0.0838,-0.0547,-0.0352,12.684,1,12.8275,moving_forklift,0,0,DEST_BAY_01,30.0,1.9021,0,0,0.0976
2.9,58,2.9964,1.3718,0.3506,1.4776,-0.1063,2.9964,1.3422,0.3567,1.5,-0.0698,0.0036,-0.0008,-0.0241,0.0,0.0338,-0.0861,-0.0508,-0.0462,11.037,1,12.7635,moving_forklift,0,0,DEST_BAY_01,30.0,1.9021,0,0,0.0999
2.95,59,3.0657,1.3972,0.3452,1.4791,-0.1079,3.0657,1.3678,0.3515,1.5,-0.0715,0.0038,-0.0009,-0.0224,0.0,0.0314,-0.0873,-0.0473,-0.0238,8.163,1,12.6993,moving_forklift,0,0,DEST_BAY_01,30.0,1.9021,0,0,0.1022
3.0,60,3.1353,1.4222,0.3397,1.4806,-0.1115,3.1353,1.393,0.3462,1.5,-0.0732,0.0039,-0.0009,-0.0209,0.0,0.0292,-0.0901,-0.044,-0.0557,12.105,1,12.6348,moving_forklift,0,0,DEST_BAY_01,30.0,1.9021,0,0,0.1045
3.05,61,3.2051,1.4469,0.3339,1.482,-0.115,3.2051,1.4179,0.3407,1.5,-0.075,0.0041,-0.001,-0.0194,0.0,0.0272,-0.0929,-0.0409,-0.0555,10.541,1,12.57,moving_forklift,0,0,DEST_BAY_01,30.0,1.9021,0,0,0.1068
3.1,62,3.2751,1.4711,0.3281,1.4832,-0.1164,3.2751,1.4424,0.3351,1.5,-0.0767,0.0042,-0.0011,-0.018,0.0,0.0253,-0.0939,-0.038,-0.0199,7.323,1,12.505,moving_forklift,0,0,DEST_BAY_01,30.0,1.9021,0,0,0.1092
3.15,63,3.3453,1.495,0.3221,1.4844,-0.1197,3.3453,1.4666,0.3293,1.5,-0.0785,0.0043,-0.0012,-0.0168,0.0,0.0235,-0.0964,-0.0354,-0.0514,13.053,1,12.4398,moving_forklift,0,0,DEST_BAY_01,30.0,1.9021,0,0,0.1115
3.2,64,3.4158,1.5185,0.3161,1.4855,-0.1215,3.4158,1.4903,0.3234,1.5,-0.0802,0.0045,-0.0013,-0.0156,0.0,0.0218,-0.0978,-0.0329,-0.0283,9.137,1,12.3743,moving_forklift,0,0,DEST_BAY_01,30.0,1.9021,0,0,0.1139
3.25,65,3.4863,1.5416,0.3098,1.4865,-0.1259,3.4863,1.5137,0.3174,1.5,-0.082,0.0046,-0.0014,-0.0145,0.0,0.0203,-0.1013,-0.0306,-0.0694,7.565,1,12.3085,moving_forklift,0,0,DEST_BAY_01,30.0,1.9021,0,0,0.1162
3.3,66,3.5571,1.5643,0.3034,1.4874,-0.1266,3.5571,1.5366,0.3113,1.5,-0.0837,0.0048,-0.0015,-0.0135,0.0,0.0189,-0.1018,-0.0284,-0.0102,7.74,1,12.2425,moving_forklift,0,0,DEST_BAY_01,30.0,1.9021,0,0,0.1186
3.35,67,3.6281,1.5865,0.2969,1.4883,-0.1315,3.6281,1.5592,0.305,1.5,-0.0855,0.0049,-0.0015,-0.0126,0.0,0.0176,-0.1057,-0.0264,-0.0769,10.262,1,12.1763,moving_forklift,0,0,DEST_BAY_01,30.0,1.9021,0,0,0.1209
3.4,68,3.6993,1.6083,0.2903,1.4891,-0.1321,3.6993,1.5813,0.2986,1.5,-0.0872,0.005,-0.0017,-0.0117,0.0,0.0163,-0.1061,-0.0246,-0.0078,12.025,1,12.1097,moving_forklift,0,0,DEST_BAY_01,30.0,1.9021,0,0,0.1233
3.45,69,3.7706,1.6296,0.2835,1.4899,-0.1353,3.7706,1.6029,0.292,1.5,-0.0889,0.0051,-0.0017,-0.0109,0.0,0.0152,-0.1086,-0.0229,-0.0502,8.009,1,12.0429,moving_forklift,0,0,DEST_BAY_01,30.0,1.9021,0,0,0.1257
3.5,70,3.8421,1.6504,0.2766,1.4906,-0.1392,3.8421,1.6241,0.2853,1.5,-0.0906,0.0053,-0.0018,-0.0101,0.0,0.0141,-0.1116,-0.0213,-0.0607,8.87,1,11.9759,moving_forklift,0,0,DEST_BAY_01,30.0,1.9021,0,0,0.1281
3.55,71,3.9138,1.6708,0.2695,1.4913,-0.1408,3.9138,1.6448,0.2785,1.5,-0.0923,0.0054,-0.002,-0.0094,0.0,0.0131,-0.1128,-0.0198,-0.0249,12.696,1,11.9085,moving_forklift,0,0,DEST_BAY_01,30.0,1.9021,0,0,0.1305
3.6,72,3.9857,1.6906,0.2623,1.4919,-0.1439,3.9857,1.6651,0.2716,1.5,-0.094,0.0055,-0.0021,-0.0087,0.0,0.0122,-0.1152,-0.0184,-0.048,10.598,1,11.8409,moving_forklift,0,0,DEST_BAY_01,30.0,1.9021,0,0,0.1329
3.65,73,4.0577,1.71,0.255,1.4924,-0.1458,4.0577,1.6848,0.2645,1.5,-0.0957,0.0056,-0.0022,-0.0081,0.0,0.0114,-0.1167,-0.0171,-0.0296,11.799,1,11.7731,moving_forklift,0,0,DEST_BAY_01,30.0,1.9021,0,0,0.1353
3.7,74,4.13,1.7288,0.2476,1.493,-0.1484,4.13,1.704,0.2573,1.5,-0.0974,0.0058,-0.0023,-0.0076,0.0,0.0106,-0.1187,-0.0159,-0.0397,13.469,1,11.7049,moving_forklift,0,0,DEST_BAY_01,30.0,1.9021,0,0,0.1377
3.75,75,4.2023,1.7471,0.2401,1.4935,-0.1505,4.2023,1.7228,0.25,1.5,-0.099,0.0059,-0.0024,-0.007,0.0,0.0098,-0.1204,-0.0148,-0.0329,11.294,1,11.6365,moving_forklift,0,0,DEST_BAY_01,30.0,1.9021,0,0,0.1401
3.8,76,4.2749,1.7649,0.2324,1.4939,-0.1542,4.2749,1.7409,0.2425,1.5,-0.1006,0.006,-0.0025,-0.0065,0.0,0.0091,-0.1232,-0.0138,-0.0577,7.962,1,11.5678,moving_forklift,0,0,DEST_BAY_01,30.0,1.9021,0,0,0.1425
3.85,77,4.3475,1.7821,0.2246,1.4944,-0.1555,4.3475,1.7586,0.235,1.5,-0.1022,0.0061,-0.0026,-0.0061,0.0,0.0085,-0.1243,-0.0128,-0.0205,8.616,1,11.4988,moving_forklift,0,0,DEST_BAY_01,30.0,1.9021,0,0,0.1449
3.9,78,4.4204,1.7987,0.2167,1.4947,-0.1586,4.4204,1.7757,0.2273,1.5,-0.1037,0.0062,-0.0027,-0.0056,0.0,0.0079,-0.1267,-0.0119,-0.0482,8.65,1,11.4295,moving_forklift,0,0,DEST_BAY_01,30.0,1.9021,0,0,0.1473
3.95,79,4.4934,1.8148,0.2087,1.4951,-0.1597,4.4934,1.7923,0.2195,1.5,-0.1053,0.0063,-0.0028,-0.0053,0.0,0.0074,-0.1275,-0.0111,-0.0167,8.587,1,11.36,moving_forklift,0,0,DEST_BAY_01,30.0,1.9021,0,0,0.1498
4.0,80,4.5665,1.8303,0.2006,1.4955,-0.1619,4.5665,1.8082,0.2116,1.5,-0.1067,0.0064,-0.0029,-0.0049,0.0,0.0068,-0.1292,-0.0103,-0.0341,8.642,1,11.2901,moving_forklift,0,0,DEST_BAY_01,30.0,1.9021,0,0,0.1522
4.05,81,4.6398,1.8452,0.1924,1.4958,-0.1646,4.6398,1.8236,0.2035,1.5,-0.1082,0.0065,-0.0029,-0.0045,0.0,0.0064,-0.1313,-0.0096,-0.0413,12.904,1,11.22,moving_forklift,0,0,DEST_BAY_01,30.0,1.9021,0,0,0.1547
4.1,82,4.7132,1.8595,0.184,1.4961,-0.167,4.7132,1.8384,0.1954,1.5,-0.1096,0.0066,-0.003,-0.0042,0.0,0.0059,-0.1331,-0.0089,-0.0369,8.699,1,11.1496,moving_forklift,0,0,DEST_BAY_01,30.0,1.9021,0,0,0.1571
4.15,83,4.7867,1.8731,0.1756,1.4963,-0.1694,4.7867,1.8527,0.1871,1.5,-0.111,0.0067,-0.0031,-0.0039,0.0,0.0055,-0.135,-0.0083,-0.0373,11.415,1,11.0789,moving_forklift,0,0,DEST_BAY_01,30.0,1.9021,0,0,0.1596
4.2,84,4.8604,1.8862,0.167,1.4966,-0.1711,4.8604,1.8663,0.1788,1.5,-0.1123,0.0068,-0.0032,-0.0037,0.0,0.0051,-0.1363,-0.0077,-0.0263,13.094,1,11.0079,moving_forklift,0,0,DEST_BAY_01,30.0,1.9021,0,0,0.162
4.25,85,4.9342,1.8986,0.1584,1.4968,-0.1727,4.9342,1.8793,0.1703,1.5,-0.1136,0.0068,-0.0033,-0.0034,0.0,0.0048,-0.1376,-0.0072,-0.0256,10.798,1,10.9367,moving_forklift,0,0,DEST_BAY_01,30.0,1.9021,0,0,0.1645
4.3,86,5.0081,1.9105,0.1496,1.4971,-0.176,5.0081,1.8916,0.1618,1.5,-0.1149,0.0069,-0.0034,-0.0032,0.0,0.0044,-0.1401,-0.0067,-0.0511,12.287,1,10.8651,moving_forklift,0,0,DEST_BAY_01,30.0,1.9021,0,0,0.1669
4.35,87,5.0821,1.9216,0.1408,1.4973,-0.1764,5.0821,1.9034,0.1531,1.5,-0.1161,0.007,-0.0036,-0.0029,0.0,0.0041,-0.1404,-0.0062,-0.0055,8.4,1,10.7932,moving_forklift,0,0,DEST_BAY_01,30.0,1.9021,0,0,0.1694
4.4,88,5.1562,1.9321,0.1319,1.4975,-0.1777,5.1562,1.9145,0.1444,1.5,-0.1172,0.0071,-0.0037,-0.0027,0.0,0.0038,-0.1414,-0.0058,-0.0202,9.869,1,10.7211,moving_forklift,0,0,DEST_BAY_01,30.0,1.9021,0,0,0.1719
4.45,89,5.2305,1.942,0.1229,1.4976,-0.1794,5.2305,1.9249,0.1356,1.5,-0.1183,0.0071,-0.0037,-0.0025,0.0,0.0036,-0.1428,-0.0054,-0.0276,10.142,1,10.6487,moving_forklift,0,0,DEST_BAY_01,30.0,1.9021,0,0,0.1743
4.5,90,5.3048,1.9511,0.1138,1.4978,-0.1815,5.3048,1.9347,0.1267,1.5,-0.1193,0.0072,-0.0038,-0.0024,0.0,0.0033,-0.1444,-0.005,-0.0313,13.4,1,10.5759,moving_forklift,0,0,DEST_BAY_01,30.0,1.9021,0,0,0.1768
4.55,91,5.3792,1.9596,0.1046,1.498,-0.1837,5.3792,1.9438,0.1177,1.5,-0.1203,0.0073,-0.0039,-0.0022,0.0,0.0031,-0.1461,-0.0046,-0.0341,7.82,1,10.5029,moving_forklift,0,0,DEST_BAY_01,30.0,1.9021,0,0,0.1793
4.6,92,5.4537,1.9675,0.0954,1.4981,-0.1844,5.4537,1.9523,0.1087,1.5,-0.1211,0.0073,-0.0041,-0.002,0.0,0.0029,-0.1466,-0.0043,-0.0113,12.629,1,10.4297,moving_forklift,0,0,DEST_BAY_01,30.0,1.9021,0,0,0.1818
4.65,93,5.5282,1.9746,0.0862,1.4982,-0.1847,5.5282,1.9601,0.0996,1.5,-0.122,0.0073,-0.0042,-0.0019,0.0,0.0027,-0.1469,-0.004,-0.005,8.767,1,10.3561,moving_forklift,0,0,DEST_BAY_01,30.0,1.9021,0,0,0.1843
4.7,94,5.6029,1.981,0.0769,1.4984,-0.1859,5.6029,1.9672,0.0904,1.5,-0.1227,0.0074,-0.0042,-0.0018,0.0,0.0025,-0.1478,-0.0037,-0.0182,9.858,1,10.2822,moving_forklift,0,0,DEST_BAY_01,30.0,1.9021,0,0,0.1868
4.75,95,5.6776,1.9868,0.0676,1.4985,-0.1865,5.6776,1.9736,0.0812,1.5,-0.1234,0.0074,-0.0043,-0.0016,0.0,0.0023,-0.1483,-0.0035,-0.0091,8.955,1,10.2081,moving_forklift,0,0,DEST_BAY_01,30.0,1.9021,0,0,0.1893
4.8,96,5.7523,1.9919,0.0582,1.4986,-0.1881,5.7523,1.9793,0.0719,1.5,-0.1241,0.0074,-0.0044,-0.0015,0.0,0.0021,-0.1495,-0.0032,-0.024,9.992,1,10.1337,moving_forklift,0,0,DEST_BAY_01,30.0,1.9021,0,0,0.1917
4.85,97,5.8271,1.9962,0.0488,1.4987,-0.1873,5.8271,1.9844,0.0626,1.5,-0.1246,0.0075,-0.0045,-0.0014,0.0,0.002,-0.1489,-0.003,0.0112,12.626,1,10.059,moving_forklift,0,0,DEST_BAY_01,30.0,1.9021,0,0,0.1942
4.9,98,5.902,1.9999,0.0393,1.4988,-0.1897,5.902,1.9887,0.0533,1.5,-0.1251,0.0075,-0.0045,-0.0013,0.0,0.0019,-0.1508,-0.0028,-0.037,13.495,1,9.984,moving_forklift,0,0,DEST_BAY_01,30.0,1.9021,0,0,0.1967
4.95,99,5.9768,2.0028,0.0298,1.4989,-0.1901,5.9768,1.9924,0.0439,1.5,-0.1255,0.0075,-0.0046,-0.0012,0.0,0.0017,-0.151,-0.0026,-0.0055,12.467,1,9.9088,moving_forklift,0,0,DEST_BAY_01,30.0,1.9021,0,0,0.1992
5.0,100,6.0518,2.0051,0.0204,1.4989,-0.189,6.0518,1.9953,0.0345,1.5,-0.1258,0.0075,-0.0047,-0.0011,0.0,0.0016,-0.1501,-0.0024,0.0176,12.547,1,9.8333,moving_forklift,0,0,DEST_BAY_01,30.0,1.9021,0,0,0.2017
5.05,101,6.1267,2.0066,0.0108,1.499,-0.1911,6.1267,1.9975,0.025,1.5,-0.1261,0.0075,-0.0047,-0.0011,0.0,0.0015,-0.1518,-0.0022,-0.0325,8.248,1,9.7576,moving_forklift,0,0,DEST_BAY_01,30.0,1.9021,0,0,0.2042
5.1,102,6.2016,2.0074,0.0012,1.4991,-0.1913,6.2016,1.999,0.0156,1.5,-0.1262,0.0075,-0.0048,-0.001,0.0,0.0014,-0.152,-0.0021,-0.0043,9.727,1,9.6816,moving_forklift,0,0,DEST_BAY_01,30.0,1.9021,0,0,0.2067
5.15,103,6.2766,2.0075,-0.0083,1.4991,-0.1909,6.2766,1.9999,0.0061,1.5,-0.1263,0.0075,-0.0049,-0.0009,0.0,0.0013,-0.1516,-0.0019,0.0078,7.569,1,9.6054,moving_forklift,0,0,DEST_BAY_01,30.0,1.9021,0,0,0.2092
5.2,104,6.3515,2.0069,-0.0179,1.4992,-0.1921,6.3515,2.0,-0.0034,1.5,-0.1263,0.0075,-0.0049,-0.0009,0.0,0.0012,-0.1526,-0.0018,-0.0201,8.871,1,9.5289,moving_forklift,0,0,DEST_BAY_01,30.0,1.9021,0,0,0.2117
5.25,105,6.4265,2.0055,-0.0274,1.4993,-0.1892,6.4265,1.9993,-0.0128,1.5,-0.1263,0.0075,-0.0051,-0.0008,0.0,0.0011,-0.1503,-0.0017,0.0462,12.14,1,9.4521,moving_forklift,0,0,DEST_BAY_01,30.0,1.9021,0,0,0.2142
5.3,106,6.5014,2.0035,-0.0369,1.4993,-0.1909,6.5014,1.998,-0.0223,1.5,-0.1261,0.0075,-0.0051,-0.0007,0.0,0.001,-0.1516,-0.0016,-0.0262,13.231,1,9.3752,moving_forklift,0,0,DEST_BAY_01,30.0,1.9021,0,0,0.2167
5.35,107,6.5763,2.0007,-0.0464,1.4994,-0.1895,6.5763,1.996,-0.0317,1.5,-0.1259,0.0075,-0.0052,-0.0007,0.0,0.001,-0.1506,-0.0015,0.021,13.471,1,9.298,moving_forklift,0,0,DEST_BAY_01,30.0,1.9021,0,0,0.2192
5.4,108,6.6512,1.9972,-0.0559,1.4994,-0.1901,6.6512,1.9933,-0.0412,1.5,-0.1256,0.0074,-0.0052,-0.0006,0.0,0.0009,-0.151,-0.0013,-0.009,8.175,1,9.2206,moving_forklift,0,0,DEST_BAY_01,30.0,1.9021,0,0,0.2217
5.45,109,6.7261,1.993,-0.0653,1.4994,-0.1888,6.7261,1.9898,-0.0506,1.5,-0.1252,0.0074,-0.0053,-0.0006,0.0,0.0008,-0.1499,-0.0013,0.0215,9.069,1,9.1429,moving_forklift,0,0,DEST_BAY_01,30.0,1.9021,0,0,0.2242
5.5,110,6.8009,1.9881,-0.0747,1.4995,-0.1867,6.8009,1.9857,-0.0599,1.5,-0.1248,0.0073,-0.0054,-0.0006,0.0,0.0008,-0.1483,-0.0012,0.0315,10.616,1,9.0651,moving_forklift,0,0,DEST_BAY_01,30.0,1.9021,0,0,0.2267
5.55,111,6.8757,1.9826,-0.084,1.4995,-0.1869,6.8757,1.9809,-0.0693,1.5,-0.1242,0.0073,-0.0054,-0.0005,0.0,0.0007,-0.1484,-0.0011,-0.0019,11.912,1,8.987,moving_forklift,0,0,DEST_BAY_01,30.0,1.9021,0,0,0.2292
5.6,112,6.9504,1.9763,-0.0932,1.4996,-0.1849,6.9504,1.9753,-0.0786,1.5,-0.1236,0.0072,-0.0055,-0.0005,0.0,0.0007,-0.1469,-0.001,0.0314,10.368,1,8.9088,moving_forklift,0,0,DEST_BAY_01,30.0,1.9021,0,0,0.2317
5.65,113,7.025,1.9693,-0.1025,1.4996,-0.1843,7.025,1.9691,-0.0878,1.5,-0.1229,0.0071,-0.0055,-0.0004,0.0,0.0006,-0.1464,-0.0009,0.0093,12.572,1,8.8303,moving_forklift,0,0,DEST_BAY_01,30.0,1.9021,0,0,0.2342
5.7,114,7.0996,1.9616,-0.1116,1.4996,-0.1825,7.0996,1.9622,-0.097,1.5,-0.1222,0.0071,-0.0055,-0.0004,0.0,0.0006,-0.145,-0.0009,0.0286,7.705,1,8.7517,moving_forklift,0,0,DEST_BAY_01,30.0,1.9021,0,0,0.2367
5.75,115,7.1741,1.9533,-0.1206,1.4996,-0.1807,7.1741,1.9546,-0.1061,1.5,-0.1214,0.007,-0.0055,-0.0004,0.0,0.0005,-0.1436,-0.0008,0.0275,8.371,1,8.6729,moving_forklift,0,0,DEST_BAY_01,30.0,1.9021,0,0,0.2391
5.8,116,7.2486,1.9442,-0.1297,1.4997,-0.1815,7.2486,1.9463,-0.1152,1.5,-0.1205,0.0069,-0.0054,-0.0004,0.0,0.0005,-0.1442,-0.0008,-0.0124,8.682,1,8.5939,moving_forklift,0,0,DEST_BAY_01,30.0,1.9021,0,0,0.2416
5.85,117,7.3229,1.9345,-0.1387,1.4997,-0.1796,7.3229,1.9373,-0.1242,1.5,-0.1196,0.0068,-0.0055,-0.0003,0.0,0.0005,-0.1428,-0.0007,0.0292,7.955,1,8.5147,moving_forklift,0,0,DEST_BAY_01,30.0,1.9021,0,0,0.2441
5.9,118,7.3972,1.9242,-0.1475,1.4997,-0.177,7.3972,1.9277,-0.1331,1.5,-0.1186,0.0068,-0.0056,-0.0003,0.0,0.0004,-0.1407,-0.0007,0.0407,10.945,1,8.4354,moving_forklift,0,0,DEST_BAY_01,30.0,1.9021,0,0,0.2466
5.95,119,7.4713,1.9132,-0.1563,1.4997,-0.176,7.4713,1.9174,-0.142,1.5,-0.1175,0.0067,-0.0056,-0.0003,0.0,0.0004,-0.1399,-0.0006,0.0162,11.102,1,8.3559,moving_forklift,0,0,DEST_BAY_01,30.0,1.9021,0,0,0.249
6.0,120,7.5454,1.9015,-0.1651,1.4998,-0.1746,7.5454,1.9065,-0.1507,1.5,-0.1164,0.0066,-0.0056,-0.0003,0.0,0.0004,-0.1388,-0.0006,0.0221,10.494,1,8.2763,moving_forklift,0,0,DEST_BAY_01,30.0,1.9021,0,0,0.2515
6.05,121,7.6194,1.8892,-0.1736,1.4998,-0.1715,7.6194,1.8949,-0.1594,1.5,-0.1152,0.0065,-0.0056,-0.0002,0.0,0.0003,-0.1364,-0.0005,0.0487,13.089,1,8.1966,moving_forklift,0,0,DEST_BAY_01,30.0,1.9021,0,0,0.254
6.1,122,7.6932,1.8762,-0.1821,1.4998,-0.1697,7.6932,1.8827,-0.168,1.5,-0.114,0.0064,-0.0056,-0.0002,0.0,0.0003,-0.1349,-0.0005,0.0286,8.704,1,8.1167,moving_forklift,0,0,DEST_BAY_01,30.0,1.9021,0,0,0.2564
6.15,123,7.767,1.8626,-0.1905,1.4998,-0.167,7.767,1.8699,-0.1765,1.5,-0.1127,0.0062,-0.0056,-0.0002,0.0,0.0003,-0.1328,-0.0005,0.0426,9.693,1,8.0367,moving_forklift,0,0,DEST_BAY_01,30.0,1.9021,0,0,0.2589
6.2,124,7.8406,1.8484,-0.1988,1.4998,-0.1662,7.8406,1.8564,-0.1849,1.5,-0.1114,0.0061,-0.0056,-0.0002,0.0,0.0003,-0.1322,-0.0004,0.013,9.192,1,7.9566,moving_forklift,0,0,DEST_BAY_01,30.0,1.9021,0,0,0.2614
6.25,125,7.9141,1.8336,-0.207,1.4998,-0.1642,7.9141,1.8423,-0.1932,1.5,-0.11,0.006,-0.0056,-0.0002,0.0,0.0003,-0.1306,-0.0004,0.0312,11.937,1,7.8764,moving_forklift,0,0,DEST_BAY_01,30.0,1.9021,0,0,0.2638
6.3,126,7.9875,1.8182,-0.215,1.4998,-0.1608,7.9875,1.8276,-0.2014,1.5,-0.1086,0.0059,-0.0056,-0.0002,0.0,0.0002,-0.1279,-0.0004,0.0532,13.49,1,7.796,moving_forklift,0,0,DEST_BAY_01,30.0,1.9021,0,0,0.2663
6.35,127,8.0608,1.8022,-0.223,1.4998,-0.1589,8.0608,1.8123,-0.2095,1.5,-0.1071,0.0058,-0.0055,-0.0002,0.0,0.0002,-0.1264,-0.0003,0.0304,13.475,1,7.7156,moving_forklift,0,0,DEST_BAY_01,30.0,1.9021,0,0,0.2687
6.4,128,8.1339,1.7856,-0.2308,1.4999,-0.1565,8.1339,1.7964,-0.2175,1.5,-0.1056,0.0056,-0.0055,-0.0002,0.0,0.0002,-0.1245,-0.0003,0.038,8.871,1,7.6351,moving_forklift,0,0,DEST_BAY_01,30.0,1.9021,0,0,0.2711
6.45,129,8.2069,1.7685,-0.2385,1.4999,-0.1543,8.2069,1.78,-0.2253,1.5,-0.1041,0.0055,-0.0055,-0.0001,0.0,0.0002,-0.1228,-0.0003,0.0342,13.08,1,7.5545,moving_forklift,0,0,DEST_BAY_01,30.0,1.9021,0,0,0.2736
6.5,130,8.2798,1.7508,-0.2461,1.4999,-0.1511,8.2798,1.7629,-0.2331,1.5,-0.1026,0.0054,-0.0054,-0.0001,0.0,0.0002,-0.1203,-0.0003,0.0503,9.528,1,7.4738,moving_forklift,0,0,DEST_BAY_01,30.0,1.9021,0,0,0.276
6.55,131,8.3525,1.7325,-0.2536,1.4999,-0.1505,8.3525,1.7453,-0.2407,1.5,-0.101,0.0053,-0.0054,-0.0001,0.0,0.0002,-0.1199,-0.0003,0.009,8.194,1,7.3931,moving_forklift,0,0,DEST_BAY_01,30.0,1.9021,0,0,0.2784
6.6,132,8.4251,1.7137,-0.2609,1.4999,-0.1466,8.4251,1.7272,-0.2482,1.5,-0.0994,0.0051,-0.0054,-0.0001,0.0,0.0002,-0.1167,-0.0002,0.0626,11.054,1,7.3123,moving_forklift,0,0,DEST_BAY_01,30.0,1.9021,0,0,0.2808
6.65,133,8.4976,1.6943,-0.2682,1.4999,-0.1454,8.4976,1.7085,-0.2556,1.5,-0.0977,0.005,-0.0053,-0.0001,0.0,0.0001,-0.1158,-0.0002,0.0184,13.42,1,7.2315,moving_forklift,0,0,DEST_BAY_01,30.0,1.9021,0,0,0.2833
6.7,134,8.5699,1.6745,-0.2753,1.4999,-0.1419,8.5699,1.6893,-0.2629,1.5,-0.0961,0.0049,-0.0053,-0.0001,0.0,0.0001,-0.1131,-0.0002,0.0545,12.348,1,7.1506,moving_forklift,0,0,DEST_BAY_01,30.0,1.9021,0,0,0.2857
6.75,135,8.6421,1.6541,-0.2822,1.4999,-0.1394,8.6421,1.6696,-0.27,1.5,-0.0944,0.0047,-0.0053,-0.0001,0.0,0.0001,-0.111,-0.0002,0.0409,9.086,1,7.0697,moving_forklift,0,0,DEST_BAY_01,30.0,1.9021,0,0,0.2881
6.8,136,8.7141,1.6332,-0.2891,1.4999,-0.1374,8.7141,1.6493,-0.277,1.5,-0.0927,0.0046,-0.0052,-0.0001,0.0,0.0001,-0.1095,-0.0002,0.0304,8.046,1,6.9887,moving_forklift,0,0,DEST_BAY_01,30.0,1.9021,0,0,0.2905
6.85,137,8.786,1.6118,-0.2959,1.4999,-0.1352,8.786,1.6286,-0.2839,1.5,-0.091,0.0044,-0.0052,-0.0001,0.0,0.0001,-0.1078,-0.0002,0.0348,7.927,1,6.9077,moving_forklift,0,0,DEST_BAY_01,30.0,1.9021,0,0,0.2929
6.9,138,8.8577,1.5899,-0.3024,1.4999,-0.1306,8.8577,1.6073,-0.2906,1.5,-0.0893,0.0043,-0.0052,-0.0001,0.0,0.0001,-0.1041,-0.0002,0.0738,8.916,1,6.8267,moving_forklift,0,0,DEST_BAY_01,30.0,1.9021,0,0,0.2953
6.95,139,8.9293,1.5676,-0.3088,1.4999,-0.1281,8.9293,1.5856,-0.2973,1.5,-0.0875,0.0041,-0.0051,-0.0001,0.0,0.0001,-0.1021,-0.0001,0.0396,11.01,1,6.7457,moving_forklift,0,0,DEST_BAY_01,30.0,1.9021,0,0,0.2976
7.0,140,9.0008,1.5448,-0.3151,1.4999,-0.126,9.0008,1.5634,-0.3038,1.5,-0.0858,0.004,-0.005,-0.0001,0.0,0.0001,-0.1005,-0.0001,0.0327,11.196,1,6.6647,moving_forklift,0,0,DEST_BAY_01,30.0,1.9021,0,0,0.3
7.05,141,9.0721,1.5216,-0.3213,1.4999,-0.1236,9.0721,1.5408,-0.3101,1.5,-0.084,0.0038,-0.005,-0.0001,0.0,0.0001,-0.0986,-0.0001,0.0375,8.863,1,6.5837,moving_forklift,0,0,DEST_BAY_01,30.0,1.9021,0,0,0.3024
7.1,142,9.1432,1.4979,-0.3274,1.4999,-0.1219,9.1432,1.5177,-0.3164,1.5,-0.0823,0.0037,-0.0049,-0.0001,0.0,0.0001,-0.0972,-0.0001,0.0282,12.53,1,6.5027,moving_forklift,0,0,DEST_BAY_01,30.0,1.9021,0,0,0.3048
7.15,143,9.2143,1.4738,-0.3333,1.5,-0.1176,9.2143,1.4941,-0.3225,1.5,-0.0805,0.0035,-0.0049,-0.0001,0.0,0.0001,-0.0938,-0.0001,0.0676,7.781,1,6.4217,moving_forklift,0,0,DEST_BAY_01,30.0,1.9021,0,0,0.3071
7.2,144,9.2851,1.4492,-0.339,1.5,-0.1154,9.2851,1.4702,-0.3284,1.5,-0.0788,0.0034,-0.0048,-0.0,0.0,0.0001,-0.0921,-0.0001,0.034,7.222,1,6.3408,moving_forklift,0,0,DEST_BAY_01,30.0,1.9021,0,0,0.3095
7.25,145,9.3559,1.4243,-0.3446,1.5,-0.112,9.3559,1.4458,-0.3343,1.5,-0.077,0.0032,-0.0048,-0.0,0.0,0.0001,-0.0894,-0.0001,0.0542,12.058,1,6.2598,moving_forklift,0,0,DEST_BAY_01,30.0,1.9021,0,0,0.3119
7.3,146,9.4264,1.399,-0.3501,1.5,-0.1099,9.4264,1.421,-0.34,1.5,-0.0752,0.0031,-0.0047,-0.0,0.0,0.0001,-0.0877,-0.0001,0.0337,11.87,1,6.179,moving_forklift,0,0,DEST_BAY_01,30.0,1.9021,0,0,0.3142
7.35,147,9.4969,1.3732,-0.3555,1.5,-0.1072,9.4969,1.3958,-0.3456,1.5,-0.0734,0.003,-0.0046,-0.0,0.0,0.0001,-0.0856,-0.0001,0.0423,10.676,1,6.0981,moving_forklift,0,0,DEST_BAY_01,30.0,1.9021,0,0,0.3166
7.4,148,9.5672,1.3471,-0.3607,1.5,-0.1042,9.5672,1.3702,-0.351,1.5,-0.0717,0.0028,-0.0045,-0.0,0.0,0.0,-0.0832,-0.0001,0.0477,7.674,1,6.0173,moving_forklift,0,0,DEST_BAY_01,30.0,1.9021,0,0,0.3189
7.45,149,9.6374,1.3207,-0.3658,1.5,-0.1014,9.6374,1.3443,-0.3563,1.5,-0.0699,0.0027,-0.0044,-0.0,0.0,0.0,-0.081,-0.0001,0.0445,12.764,1,5.9365,moving_forklift,0,0,DEST_BAY_01,30.0,1.9021,0,0,0.3212
7.5,150,9.7074,1.2938,-0.3707,1.5,-0.0982,9.7074,1.318,-0.3615,1.5,-0.0681,0.0025,-0.0043,-0.0,0.0,0.0,-0.0784,-0.0001,0.0521,12.458,1,5.8559,moving_forklift,0,0,DEST_BAY_01,30.0,1.9021,0,0,0.3236
7.55,151,9.7773,1.2667,-0.3755,1.5,-0.0967,9.7773,1.2913,-0.3665,1.5,-0.0664,0.0024,-0.0042,-0.0,0.0,0.0,-0.0772,-0.0001,0.024,10.87,1,5.7752,moving_forklift,0,0,DEST_BAY_01,30.0,1.9021,0,0,0.3259
7.6,152,9.8471,1.2392,-0.3802,1.5,-0.0933,9.8471,1.2642,-0.3714,1.5,-0.0646,0.0023,-0.0041,-0.0,0.0,0.0,-0.0745,-0.0001,0.0528,9.142,1,5.6947,moving_forklift,0,0,DEST_BAY_01,30.0,1.9021,0,0,0.3282
7.65,153,9.9167,1.2113,-0.3847,1.5,-0.0907,9.9167,1.2369,-0.3762,1.5,-0.0629,0.0021,-0.004,-0.0,0.0,0.0,-0.0724,-0.0001,0.0427,12.864,1,5.6142,moving_forklift,0,0,DEST_BAY_01,30.0,1.9021,0,0,0.3306
7.7,154,9.9862,1.1832,-0.3891,1.5,-0.088,9.9862,1.2092,-0.3808,1.5,-0.0611,0.002,-0.0039,-0.0,0.0,0.0,-0.0703,-0.0,0.0429,12.863,1,5.5339,moving_forklift,0,0,DEST_BAY_01,30.0,1.9021,0,0,0.3329
7.75,155,10.0556,1.1547,-0.3935,1.5,-0.0869,10.0556,1.1812,-0.3854,1.5,-0.0594,0.0019,-0.0038,-0.0,0.0,0.0,-0.0694,-0.0,0.0164,8.523,1,5.4536,moving_forklift,0,0,DEST_BAY_01,30.0,1.9021,0,0,0.3352
7.8,156,10.1249,1.126,-0.3976,1.5,-0.083,10.1249,1.1528,-0.3897,1.5,-0.0576,0.0018,-0.0037,-0.0,0.0,0.0,-0.0663,-0.0,0.0617,12.115,1,5.3734,moving_forklift,0,0,DEST_BAY_01,30.0,1.9021,0,0,0.3375
7.85,157,10.1941,1.0969,-0.4016,1.5,-0.0802,10.1941,1.1242,-0.394,1.5,-0.0559,0.0016,-0.0036,-0.0,0.0,0.0,-0.0641,-0.0,0.0457,12.77,1,5.2934,moving_forklift,0,0,DEST_BAY_01,30.0,1.9021,0,0,0.3398
7.9,158,10.2631,1.0676,-0.4056,1.5,-0.0787,10.2631,1.0953,-0.3981,1.5,-0.0542,0.0015,-0.0035,-0.0,0.0,0.0,-0.0628,-0.0,0.0243,8.174,1,5.2134,moving_forklift,0,0,DEST_BAY_01,30.0,1.9021,0,0,0.3421
7.95,159,10.332,1.038,-0.4093,1.5,-0.0748,10.332,1.0661,-0.4021,1.5,-0.0525,0.0014,-0.0034,-0.0,0.0,0.0,-0.0598,-0.0,0.0608,13.058,1,5.1336,moving_forklift,0,0,DEST_BAY_01,30.0,1.9021,0,0,0.3444
8.0,160,10.4008,1.0082,-0.4129,1.5,-0.0717,10.4008,1.0366,-0.406,1.5,-0.0508,0.0013,-0.0033,-0.0,0.0,0.0,-0.0573,-0.0,0.0502,12.308,1,5.054,moving_forklift,0,0,DEST_BAY_01,30.0,1.9021,0,0,0.3467
8.05,161,10.4695,0.9781,-0.4165,1.5,-0.0717,10.4695,1.0069,-0.4097,1.5,-0.0491,0.0012,-0.0032,-0.0,0.0,0.0,-0.0573,-0.0,0.0003,12.753,1,4.9744,moving_forklift,0,0,DEST_BAY_01,30.0,1.9021,0,0,0.349
8.1,162,10.5381,0.9477,-0.4198,1.5,-0.0668,10.5381,0.9769,-0.4133,1.5,-0.0474,0.0011,-0.0031,-0.0,0.0,0.0,-0.0534,-0.0,0.0781,9.293,1,4.895,moving_forklift,0,0,DEST_BAY_01,30.0,1.9021,0,0,0.3513
8.15,163,10.6066,0.9172,-0.4231,1.5,-0.0652,10.6066,0.9467,-0.4168,1.5,-0.0457,0.001,-0.003,-0.0,0.0,0.0,-0.0521,-0.0,0.025,13.064,1,4.8158,moving_forklift,0,0,DEST_BAY_01,30.0,1.9021,0,0,0.3536
8.2,164,10.675,0.8864,-0.4262,1.5,-0.0625,10.675,0.9162,-0.4202,1.5,-0.044,0.0009,-0.0029,-0.0,0.0,0.0,-0.05,-0.0,0.0432,12.308,1,4.7367,moving_forklift,0,0,DEST_BAY_01,30.0,1.9021,0,0,0.3558
8.25,165,10.7433,0.8554,-0.4293,1.5,-0.0617,10.7433,0.8855,-0.4234,1.5,-0.0424,0.0008,-0.0028,-0.0,0.0,0.0,-0.0493,-0.0,0.0135,8.881,1,4.6578,moving_forklift,0,0,DEST_BAY_01,30.0,1.9021,0,0,0.3581
8.3,166,10.8115,0.8242,-0.4322,1.5,-0.0579,10.8115,0.8546,-0.4266,1.5,-0.0407,0.0007,-0.0027,-0.0,0.0,0.0,-0.0463,-0.0,0.0605,12.695,1,4.5791,moving_forklift,0,0,DEST_BAY_01,30.0,1.9021,0,0,0.3604
8.35,167,10.8796,0.7927,-0.435,1.5,-0.0558,10.8796,0.8235,-0.4295,1.5,-0.0391,0.0006,-0.0026,-0.0,0.0,0.0,-0.0446,-0.0,0.033,12.609,1,4.5006,moving_forklift,0,0,DEST_BAY_01,30.0,1.9021,0,0,0.3627
8.4,168,10.9476,0.7611,-0.4376,1.5,-0.0529,10.9476,0.7922,-0.4324,1.5,-0.0375,0.0005,-0.0025,-0.0,0.0,0.0,-0.0423,-0.0,0.0468,10.1,1,4.4223,moving_forklift,0,0,DEST_BAY_01,30.0,1.9021,0,0,0.3649
8.45,169,11.0155,0.7294,-0.4401,1.5,-0.0496,11.0155,0.7607,-0.4352,1.5,-0.0358,0.0004,-0.0024,-0.0,0.0,0.0,-0.0396,-0.0,0.0532,9.123,1,4.3442,moving_forklift,0,0,DEST_BAY_01,30.0,1.9021,0,0,0.3672
8.5,170,11.0834,0.6974,-0.4425,1.5,-0.0482,11.0834,0.729,-0.4378,1.5,-0.0342,0.0003,-0.0023,-0.0,0.0,0.0,-0.0386,-0.0,0.0208,7.349,1,4.2663,moving_forklift,0,0,DEST_BAY_01,30.0,1.9021,0,0,0.3694
8.55,171,11.1511,0.6653,-0.4448,1.5,-0.0464,11.1511,0.6971,-0.4403,1.5,-0.0326,0.0003,-0.0022,-0.0,0.0,0.0,-0.0371,-0.0,0.029,8.417,1,4.1887,moving_forklift,0,0,DEST_BAY_01,30.0,1.9021,0,0,0.3717
8.6,172,11.2188,0.633,-0.447,1.5,-0.0442,11.2188,0.6651,-0.4427,1.5,-0.031,0.0002,-0.0021,-0.0,0.0,0.0,-0.0353,-0.0,0.0358,13.291,1,4.1113,moving_forklift,0,0,DEST_BAY_01,30.0,1.9021,0,0,0.374
8.65,173,11.2865,0.6006,-0.449,1.5,-0.0401,11.2865,0.6329,-0.4449,1.5,-0.0294,0.0001,-0.0021,-0.0,0.0,0.0,-0.0321,-0.0,0.0654,8.958,1,4.0341,moving_forklift,0,0,DEST_BAY_01,30.0,1.9021,0,0,0.3762
8.7,174,11.354,0.568,-0.451,1.5,-0.0393,11.354,0.6006,-0.4471,1.5,-0.0278,0.0,-0.002,-0.0,0.0,0.0,-0.0315,-0.0,0.0122,13.381,1,3.9573,moving_forklift,0,0,DEST_BAY_01,30.0,1.9021,0,0,0.3785
8.75,175,11.4215,0.5354,-0.4528,1.5,-0.0371,11.4215,0.5681,-0.4491,1.5,-0.0262,-0.0,-0.0019,-0.0,0.0,0.0,-0.0296,-0.0,0.0363,10.578,1,3.8807,moving_forklift,0,0,DEST_BAY_01,30.0,1.9021,0,0,0.3807
8.8,176,11.489,0.5025,-0.4545,1.5,-0.0339,11.489,0.5355,-0.451,1.5,-0.0247,-0.0001,-0.0018,-0.0,0.0,0.0,-0.0271,-0.0,0.0502,13.314,1,3.8044,moving_forklift,0,0,DEST_BAY_01,30.0,1.9021,0,0,0.383
8.85,177,11.5564,0.4696,-0.4561,1.5,-0.032,11.5564,0.5027,-0.4528,1.5,-0.0231,-0.0002,-0.0017,-0.0,0.0,0.0,-0.0256,-0.0,0.0303,8.325,1,3.7284,moving_forklift,0,0,DEST_BAY_01,30.0,1.9021,0,0,0.3852
8.9,178,11.6237,0.4366,-0.4576,1.5,-0.0291,11.6237,0.4699,-0.4545,1.5,-0.0215,-0.0003,-0.0017,-0.0,0.0,0.0,-0.0233,-0.0,0.0465,7.883,1,3.6528,moving_forklift,0,0,DEST_BAY_01,30.0,1.9021,0,0,0.3875
8.95,179,11.691,0.4034,-0.459,1.5,-0.0275,11.691,0.4369,-0.456,1.5,-0.02,-0.0003,-0.0016,-0.0,0.0,0.0,-0.022,-0.0,0.0268,9.938,1,3.5775,moving_forklift,0,0,DEST_BAY_01,30.0,1.9021,0,0,0.3897
9.0,180,11.7582,0.3702,-0.4602,1.5,-0.0251,11.7582,0.4039,-0.4575,1.5,-0.0184,-0.0004,-0.0015,-0.0,0.0,0.0,-0.0201,-0.0,0.0375,11.019,1,3.5025,moving_forklift,0,0,DEST_BAY_01,30.0,1.9021,0,0,0.3919
9.05,181,11.8254,0.3369,-0.4614,1.5,-0.0233,11.8254,0.3707,-0.4588,1.5,-0.0169,-0.0004,-0.0014,-0.0,0.0,0.0,-0.0186,-0.0,0.0292,10.422,1,3.4279,moving_forklift,0,0,DEST_BAY_01,30.0,1.9021,0,0,0.3942
9.1,182,11.8926,0.3035,-0.4624,1.5,-0.021,11.8926,0.3375,-0.46,1.5,-0.0153,-0.0005,-0.0014,-0.0,0.0,0.0,-0.0168,-0.0,0.0358,8.805,1,3.3537,moving_forklift,0,0,DEST_BAY_01,30.0,1.9021,0,0,0.3964
9.15,183,11.9597,0.2701,-0.4633,1.5,-0.0176,11.9597,0.3041,-0.4611,1.5,-0.0138,-0.0006,-0.0014,-0.0,0.0,0.0,-0.0141,-0.0,0.0556,11.665,1,3.28,moving_forklift,0,0,DEST_BAY_01,30.0,1.9021,0,0,0.3987
9.2,184,12.0268,0.2365,-0.464,1.5,-0.0145,12.0268,0.2708,-0.4621,1.5,-0.0123,-0.0006,-0.0013,-0.0,0.0,0.0,-0.0116,-0.0,0.0498,10.592,1,3.2067,moving_forklift,0,0,DEST_BAY_01,30.0,1.9021,0,0,0.4009
9.25,185,12.0938,0.203,-0.4647,1.5,-0.0137,12.0938,0.2373,-0.4629,1.5,-0.0107,-0.0007,-0.0011,-0.0,0.0,0.0,-0.011,-0.0,0.012,11.732,1,3.1338,moving_forklift,0,0,DEST_BAY_01,30.0,1.9021,0,0,0.4031
9.3,186,12.1609,0.1694,-0.4653,1.5,-0.0115,12.1609,0.2038,-0.4637,1.5,-0.0092,-0.0007,-0.0011,-0.0,0.0,0.0,-0.0092,-0.0,0.0352,9.495,1,3.0614,moving_forklift,0,0,DEST_BAY_01,30.0,1.9021,0,0,0.4054
9.35,187,12.2279,0.1357,-0.4658,1.5,-0.0101,12.2279,0.1702,-0.4643,1.5,-0.0077,-0.0008,-0.001,-0.0,0.0,0.0,-0.0081,-0.0,0.0221,7.641,1,2.9895,moving_forklift,0,0,DEST_BAY_01,30.0,1.9021,0,0,0.4076
9.4,188,12.2949,0.102,-0.4662,1.5,-0.0072,12.2949,0.1367,-0.4648,1.5,-0.0062,-0.0009,-0.001,-0.0,0.0,0.0,-0.0057,-0.0,0.0475,9.178,1,2.9182,moving_forklift,0,0,DEST_BAY_01,30.0,1.9021,0,0,0.4098
9.45,189,12.3619,0.0683,-0.4664,1.5,-0.0051,12.3619,0.103,-0.4652,1.5,-0.0046,-0.0009,-0.0009,-0.0,0.0,0.0,-0.0041,-0.0,0.0333,12.542,1,2.8474,moving_forklift,0,0,DEST_BAY_01,30.0,1.9021,0,0,0.4121
9.5,190,12.4289,0.0346,-0.4665,1.5,-0.0024,12.4289,0.0694,-0.4655,1.5,-0.0031,-0.001,-0.0009,-0.0,0.0,0.0,-0.0019,-0.0,0.0427,9.148,1,2.7772,moving_forklift,0,0,DEST_BAY_01,30.0,1.9021,0,0,0.4143
9.55,191,12.4959,0.0008,-0.4666,1.5,-0.0006,12.4959,0.0357,-0.4657,1.5,-0.0016,-0.001,-0.0008,-0.0,0.0,0.0,-0.0004,-0.0,0.0295,9.773,1,2.7077,moving_forklift,0,0,DEST_BAY_01,30.0,1.9021,0,0,0.4165
9.6,192,12.5629,-0.0329,-0.4665,1.5,0.0018,12.5629,0.0021,-0.4658,1.5,-0.0001,-0.0011,-0.0008,-0.0,0.0,0.0,0.0015,-0.0,0.0381,8.002,1,2.6388,moving_forklift,0,0,DEST_BAY_01,30.0,1.9021,0,0,0.4188
9.65,193,12.6299,-0.0666,-0.4662,1.5,0.0048,12.6299,-0.0316,-0.4657,1.5,0.0014,-0.0012,-0.0008,-0.0,0.0,0.0,0.0039,-0.0,0.0482,9.849,1,2.5706,moving_forklift,0,0,DEST_BAY_01,30.0,1.9021,0,0,0.421
9.7,194,12.6969,-0.1003,-0.4659,1.5,0.0076,12.6969,-0.0653,-0.4656,1.5,0.0029,-0.0012,-0.0007,-0.0,0.0,0.0,0.0061,-0.0,0.0449,12.888,1,2.5031,moving_forklift,0,0,DEST_BAY_01,30.0,1.9021,0,0,0.4232
9.75,195,12.7639,-0.134,-0.4654,1.5,0.0086,12.7639,-0.0989,-0.4653,1.5,0.0045,-0.0013,-0.0006,-0.0,0.0,0.0,0.0069,-0.0,0.0156,11.078,1,2.4365,moving_forklift,0,0,DEST_BAY_01,30.0,1.9021,0,0,0.4255
9.8,196,12.8309,-0.1677,-0.4649,1.5,0.011,12.8309,-0.1325,-0.4649,1.5,0.006,-0.0013,-0.0005,-0.0,0.0,0.0,0.0088,-0.0,0.0381,7.203,1,2.3706,moving_forklift,0,0,DEST_BAY_01,30.0,1.9021,0,0,0.4277
9.85,197,12.8979,-0.2013,-0.4642,1.5,0.0143,12.8979,-0.1661,-0.4644,1.5,0.0075,-0.0014,-0.0005,-0.0,0.0,0.0,0.0114,-0.0,0.0525,9.008,1,2.3056,moving_forklift,0,0,DEST_BAY_01,30.0,1.9021,0,0,0.4299
9.9,198,12.965,-0.2349,-0.4634,1.5,0.015,12.965,-0.1997,-0.4638,1.5,0.009,-0.0015,-0.0004,-0.0,0.0,0.0,0.012,-0.0,0.0116,11.325,1,2.2416,moving_forklift,0,0,DEST_BAY_01,30.0,1.9021,0,0,0.4322
9.95,199,13.0321,-0.2684,-0.4625,1.5,0.0184,13.0321,-0.2332,-0.463,1.5,0.0105,-0.0015,-0.0004,-0.0,0.0,0.0,0.0147,-0.0,0.0548,10.129,1,2.1785,moving_forklift,0,0,DEST_BAY_01,30.0,1.9021,0,0,0.4344
10.0,200,13.0992,-0.3019,-0.4615,1.5,0.0199,13.0992,-0.2667,-0.4622,1.5,0.0121,-0.0016,-0.0003,-0.0,0.0,0.0,0.0159,-0.0,0.024,10.181,1,2.1165,moving_forklift,0,0,DEST_BAY_01,30.0,1.9021,0,0,0.4366
10.05,201,13.1664,-0.3353,-0.4604,1.5,0.0228,13.1664,-0.3001,-0.4612,1.5,0.0136,-0.0016,-0.0003,-0.0,0.0,0.0,0.0182,-0.0,0.046,12.877,1,2.0555,moving_forklift,0,0,DEST_BAY_01,30.0,1.9021,0,0,0.4389
10.1,202,13.2336,-0.3686,-0.4591,1.5,0.025,13.2336,-0.3334,-0.4601,1.5,0.0151,-0.0017,-0.0002,-0.0,0.0,0.0,0.02,-0.0,0.0358,7.734,1,1.9957,moving_forklift,0,0,DEST_BAY_01,30.0,1.9021,0,0,0.4411
10.15,203,13.3008,-0.4018,-0.4578,1.5,0.0269,13.3008,-0.3666,-0.4589,1.5,0.0167,-0.0018,-0.0002,-0.0,0.0,0.0,0.0215,-0.0,0.0291,10.447,1,1.9372,moving_forklift,0,0,DEST_BAY_01,30.0,1.9021,0,0,0.4434
10.2,204,13.3681,-0.435,-0.4563,1.5,0.0292,13.3681,-0.3998,-0.4576,1.5,0.0182,-0.0018,-0.0001,-0.0,0.0,0.0,0.0233,-0.0,0.0372,12.356,1,1.8799,moving_forklift,0,0,DEST_BAY_01,30.0,1.9021,0,0,0.4456
10.25,205,13.4354,-0.468,-0.4547,1.5,0.0315,13.4354,-0.4329,-0.4562,1.5,0.0198,-0.0019,-0.0001,-0.0,0.0,0.0,0.0252,-0.0,0.0369,11.932,1,1.8241,moving_forklift,0,0,DEST_BAY_01,30.0,1.9021,0,0,0.4478
10.3,206,13.5028,-0.501,-0.453,1.5,0.0341,13.5028,-0.4659,-0.4547,1.5,0.0213,-0.0019,-0.0001,-0.0,0.0,0.0,0.0272,-0.0,0.0411,8.455,1,1.7697,moving_forklift,0,0,DEST_BAY_01,30.0,1.9021,0,0,0.4501
10.35,207,13.5702,-0.5338,-0.4512,1.5,0.0362,13.5702,-0.4987,-0.453,1.5,0.0229,-0.002,-0.0,-0.0,0.0,0.0,0.029,-0.0,0.0346,7.354,1,1.7169,moving_forklift,0,0,DEST_BAY_01,30.0,1.9021,0,0,0.4523
10.4,208,13.6377,-0.5665,-0.4493,1.5,0.039,13.6377,-0.5315,-0.4512,1.5,0.0245,-0.0021,0.0,-0.0,0.0,0.0,0.0312,-0.0,0.0447,12.553,1,1.6657,moving_forklift,0,0,DEST_BAY_01,30.0,1.9021,0,0,0.4546
10.45,209,13.7053,-0.5991,-0.4472,1.437,0.0403,13.7053,-0.5641,-0.4493,0.6,0.026,-0.0022,0.0001,0.9,0.0,-1.26,0.0336,-25.2,0.0486,7.659,1,1.6162,moving_forklift,0,0,DEST_BAY_01,30.0,1.9021,0,0,0.4568
10.5,210,13.77,-0.6301,-0.4451,1.3784,0.0394,13.77,-0.5966,-0.4473,0.6,0.0276,-0.0022,0.0002,0.837,0.0,-1.1718,0.0343,1.764,0.0136,8.425,1,1.5709,moving_forklift,0,0,DEST_BAY_01,30.0,1.9021,0,0,0.459
10.55,211,13.8322,-0.6598,-0.443,1.3239,0.041,13.8322,-0.6276,-0.4453,0.6,0.0291,-0.0023,0.0002,0.7784,0.0,-1.0898,0.0371,1.6405,0.0565,11.587,1,1.5293,moving_forklift,0,0,DEST_BAY_01,30.0,1.9021,0,0,0.4611
10.6,212,13.8921,-0.6882,-0.4409,1.2732,0.0405,13.8921,-0.6572,-0.4432,0.6,0.0306,-0.0023,0.0003,0.7239,0.0,-1.0135,0.0381,1.5257,0.0197,11.333,1,1.4913,moving_forklift,0,0,DEST_BAY_01,30.0,1.9021,0,0,0.4631
10.65,213,13.9496,-0.7154,-0.4387,1.2261,0.0411,13.9496,-0.6855,-0.4412,0.6,0.032,-0.0024,0.0003,0.6732,0.0,-0.9425,0.0402,1.4189,0.0418,7.235,1,1.4568,moving_forklift,0,0,DEST_BAY_01,30.0,1.9021,0,0,0.465
10.7,214,14.0051,-0.7414,-0.4366,1.1823,0.0412,14.0051,-0.7126,-0.4391,0.6,0.0334,-0.0024,0.0004,0.6261,0.0,-0.8766,0.0418,1.3196,0.0322,7.871,1,1.4254,moving_forklift,0,0,DEST_BAY_01,30.0,1.9021,0,0,0.4668
10.75,215,14.0587,-0.7664,-0.4345,1.1415,0.0405,14.0587,-0.7386,-0.437,0.6,0.0347,-0.0025,0.0004,0.5823,0.0,-0.8152,0.0425,1.2272,0.014,9.878,1,1.3971,moving_forklift,0,0,DEST_BAY_01,30.0,1.9021,0,0,0.4686
10.8,216,14.1105,-0.7904,-0.4323,1.1036,0.0419,14.1105,-0.7636,-0.4349,0.6,0.036,-0.0025,0.0004,0.5415,0.0,-0.7581,0.0455,1.1413,0.0596,10.463,1,1.3717,moving_forklift,0,0,DEST_BAY_01,30.0,1.9021,0,0,0.4703
10.85,217,14.1606,-0.8135,-0.4301,1.0684,0.0423,14.1606,-0.7876,-0.4328,0.6,0.0372,-0.0026,0.0005,0.5036,0.0,-0.7051,0.0475,1.0614,0.0397,7.516,1,1.3489,moving_forklift,0,0,DEST_BAY_01,30.0,1.9021,0,0,0.472
10.9,218,14.2091,-0.8358,-0.428,1.0356,0.0412,14.2091,-0.8107,-0.4307,0.6,0.0384,-0.0026,0.0006,0.4684,0.0,-0.6557,0.0477,0.9871,0.0047,10.076,1,1.3288,moving_forklift,0,0,DEST_BAY_01,30.0,1.9021,0,0,0.4736
10.95,219,14.2562,-0.8573,-0.4259,1.0051,0.042,14.2562,-0.8329,-0.4287,0.6,0.0396,-0.0026,0.0006,0.4356,0.0,-0.6098,0.0501,0.918,0.0468,12.249,1,1.311,moving_forklift,0,0,DEST_BAY_01,30.0,1.9021,0,0,0.4752
11.0,220,14.302,-0.8781,-0.4238,0.9767,0.0404,14.302,-0.8544,-0.4266,0.6,0.0407,-0.0026,0.0007,0.4051,0.0,-0.5671,0.0496,0.8537,-0.0084,10.951,1,1.2955,moving_forklift,0,0,DEST_BAY_01,30.0,1.9021,0,0,0.4767
11.05,221,14.3465,-0.8981,-0.4217,0.9504,0.04,14.3465,-0.8751,-0.4245,0.6,0.0418,-0.0027,0.0007,0.3767,0.0,-0.5274,0.0504,0.794,0.0156,13.185,1,1.2823,moving_forklift,0,0,DEST_BAY_01,30.0,1.9021,0,0,0.4782
11.1,222,14.3899,-0.9176,-0.4196,0.9258,0.0414,14.3899,-0.8952,-0.4224,0.6,0.0429,-0.0027,0.0007,0.3504,0.0,-0.4905,0.0536,0.7384,0.063,11.731,1,1.2711,moving_forklift,0,0,DEST_BAY_01,30.0,1.9021,0,0,0.4797
11.15,223,14.4322,-0.9365,-0.4175,0.903,0.0405,14.4322,-0.9146,-0.4204,0.6,0.044,-0.0027,0.0008,0.3258,0.0,-0.4562,0.0538,0.6867,0.0048,10.38,1,1.2618,moving_forklift,0,0,DEST_BAY_01,30.0,1.9021,0,0,0.4811
11.2,224,14.4734,-0.9548,-0.4154,0.8818,0.041,14.4734,-0.9335,-0.4183,0.6,0.045,-0.0027,0.0008,0.303,0.0,-0.4242,0.0558,0.6386,0.0392,12.852,1,1.2544,moving_forklift,0,0,DEST_BAY_01,30.0,1.9021,0,0,0.4824
11.25,225,14.5138,-0.9726,-0.4134,0.8621,0.0403,14.5138,-0.9518,-0.4163,0.6,0.046,-0.0027,0.0008,0.2818,0.0,-0.3945,0.0561,0.5939,0.0061,11.885,1,1.2487,moving_forklift,0,0,DEST_BAY_01,30.0,1.9021,0,0,0.4838
11.3,226,14.5532,-0.9899,-0.4113,0.8437,0.0404,14.5532,-0.9696,-0.4142,0.6,0.047,-0.0027,0.0009,0.2621,0.0,-0.3669,0.0574,0.5524,0.0269,8.758,1,1.2447,moving_forklift,0,0,DEST_BAY_01,30.0,1.9021,0,0,0.4851
11.35,227,14.5919,-1.0067,-0.4092,0.8267,0.0407,14.5919,-0.9869,-0.4122,0.6,0.048,-0.0027,0.0009,0.2437,0.0,-0.3412,0.059,0.5137,0.0318,11.217,1,1.2423,moving_forklift,0,0,DEST_BAY_01,30.0,1.9021,0,0,0.4864
11.4,228,14.6298,-1.0232,-0.4071,0.8108,0.0407,14.6298,-1.0037,-0.4101,0.6,0.0489,-0.0028,0.0009,0.2267,0.0,-0.3174,0.0601,0.4777,0.0221,11.149,1,1.2413,moving_forklift,0,0,DEST_BAY_01,30.0,1.9021,0,0,0.4877
11.45,229,14.6671,-1.0392,-0.4051,0.7961,0.0402,14.6671,-1.0202,-0.4081,0.6,0.0498,-0.0028,0.0009,0.2108,0.0,-0.2951,0.0605,0.4443,0.0084,8.93,1,1.2418,moving_forklift,0,0,DEST_BAY_01,30.0,1.9021,0,0,0.4889
11.5,230,14.7036,-1.0549,-0.403,0.7823,0.0409,14.7036,-1.0362,-0.406,0.6,0.0508,-0.0028,0.0009,0.1961,0.0,-0.2745,0.0626,0.4132,0.0412,8.912,1,1.2437,moving_forklift,0,0,DEST_BAY_01,30.0,1.9021,0,0,0.4901
11.55,231,14.7396,-1.0703,-0.4009,0.7696,0.0408,14.7396,-1.0519,-0.404,0.6,0.0517,-0.0028,0.001,0.1823,0.0,-0.2553,0.0635,0.3843,0.0173,9.214,1,1.2468,moving_forklift,0,0,DEST_BAY_01,30.0,1.9021,0,0,0.4913
11.6,232,14.775,-1.0853,-0.3989,0.7577,0.0405,14.775,-1.0672,-0.402,0.6,0.0525,-0.0028,0.001,0.1696,0.0,-0.2374,0.064,0.3574,0.0114,8.657,1,1.2512,moving_forklift,0,0,DEST_BAY_01,30.0,1.9021,0,0,0.4925
11.65,233,14.81,-1.1,-0.3968,0.7467,0.0407,14.81,-1.0823,-0.3999,0.6,0.0534,-0.0028,0.001,0.1577,0.0,-0.2208,0.0653,0.3324,0.0245,11.572,1,1.2567,moving_forklift,0,0,DEST_BAY_01,30.0,1.9021,0,0,0.4937
11.7,234,14.8444,-1.1144,-0.3948,0.7364,0.0407,14.8444,-1.097,-0.3979,0.6,0.0543,-0.0028,0.0011,0.1467,0.0,-0.2053,0.0663,0.3091,0.0206,9.768,1,1.2634,moving_forklift,0,0,DEST_BAY_01,30.0,1.9021,0,0,0.4948
11.75,235,14.8784,-1.1286,-0.3927,0.7268,0.0407,14.8784,-1.1114,-0.3958,0.6,0.0551,-0.0028,0.0011,0.1364,0.0,-0.191,0.0672,0.2875,0.0174,10.618,1,1.2711,moving_forklift,0,0,DEST_BAY_01,30.0,1.9021,0,0,0.4959
11.8,236,14.912,-1.1425,-0.3906,0.718,0.0408,14.912,-1.1256,-0.3938,0.6,0.056,-0.0028,0.0011,0.1268,0.0,-0.1776,0.068,0.2673,0.0174,9.847,1,1.2798,moving_forklift,0,0,DEST_BAY_01,30.0,1.9021,0,0,0.4971
11.85,237,14.9452,-1.1562,-0.3885,0.7097,0.0412,14.9452,-1.1395,-0.3917,0.6,0.0568,-0.0028,0.0011,0.118,0.0,-0.1652,0.0695,0.2486,0.029,12.9,1,1.2895,moving_forklift,0,0,DEST_BAY_01,30.0,1.9021,0,0,0.4982
11.9,238,14.978,-1.1696,-0.3865,0.702,0.0408,14.978,-1.1532,-0.3897,0.6,0.0577,-0.0028,0.0011,0.1097,0.0,-0.1536,0.0696,0.2312,0.0024,12.597,1,1.3001,moving_forklift,0,0,DEST_BAY_01,30.0,1.9021,0,0,0.4993
11.95,239,15.0105,-1.1828,-0.3844,0.6949,0.0411,15.0105,-1.1666,-0.3876,0.6,0.0585,-0.0028,0.0011,0.102,0.0,-0.1428,0.0709,0.215,0.0251,12.023,1,1.3115,moving_forklift,0,0,DEST_BAY_01,30.0,1.9021,0,0,0.5004
12.0,240,15.0427,-1.1959,-0.3823,0.6882,0.0415,15.0427,-1.1798,-0.3856,0.6,0.0593,-0.0028,0.0012,0.0949,0.0,-0.1328,0.0722,0.2,0.0262,9.416,1,1.3238,moving_forklift,0,0,DEST_BAY_01,30.0,1.9021,0,0,0.5014
12.05,241,15.0746,-1.2087,-0.3802,0.6821,0.0417,15.0746,-1.1929,-0.3835,0.6,0.0601,-0.0028,0.0012,0.0882,0.0,-0.1235,0.0732,0.186,0.0203,11.947,1,1.3369,moving_forklift,0,0,DEST_BAY_01,30.0,1.9021,0,0,0.5025
12.1,242,15.1063,-1.2214,-0.3781,0.6763,0.0422,15.1063,-1.2057,-0.3814,0.6,0.0609,-0.0028,0.0012,0.0821,0.0,-0.1149,0.0748,0.173,0.0328,9.84,1,1.3508,moving_forklift,0,0,DEST_BAY_01,30.0,1.9021,0,0,0.5035
12.15,243,15.1377,-1.2338,-0.376,0.671,0.0414,15.1377,-1.2184,-0.3793,0.6,0.0617,-0.0028,0.0012,0.0763,0.0,-0.1069,0.074,0.1609,-0.0167,11.909,1,1.3654,moving_forklift,0,0,DEST_BAY_01,30.0,1.9021,0,0,0.5046
12.2,244,15.1689,-1.2462,-0.3739,0.666,0.0419,15.1689,-1.2309,-0.3772,0.6,0.0625,-0.0028,0.0012,0.071,0.0,-0.0994,0.0753,0.1496,0.0257,8.589,1,1.3807,moving_forklift,0,0,DEST_BAY_01,30.0,1.9021,0,0,0.5056
12.25,245,15.1999,-1.2583,-0.3718,0.6614,0.0423,15.1999,-1.2432,-0.3751,0.6,0.0633,-0.0028,0.0012,0.066,0.0,-0.0924,0.0767,0.1391,0.0278,8.582,1,1.3967,moving_forklift,0,0,DEST_BAY_01,30.0,1.9021,0,0,0.5067
12.3,246,15.2308,-1.2703,-0.3696,0.6571,0.0426,15.2308,-1.2554,-0.373,0.6,0.064,-0.0028,0.0012,0.0614,0.0,-0.0859,0.0777,0.1294,0.0199,9.318,1,1.4133,moving_forklift,0,0,DEST_BAY_01,30.0,1.9021,0,0,0.5077
12.35,247,15.2614,-1.2822,-0.3675,0.6531,0.0429,15.2614,-1.2674,-0.3709,0.6,0.0648,-0.0028,0.0012,0.0571,0.0,-0.0799,0.0787,0.1203,0.0213,11.479,1,1.4305,moving_forklift,0,0,DEST_BAY_01,30.0,1.9021,0,0,0.5087
12.4,248,15.2919,-1.2939,-0.3653,0.6494,0.043,15.2919,-1.2793,-0.3687,0.6,0.0656,-0.0028,0.0013,0.0531,0.0,-0.0743,0.0793,0.1119,0.012,10.145,1,1.4484,moving_forklift,0,0,DEST_BAY_01,30.0,1.9021,0,0,0.5097
12.45,249,15.3222,-1.3055,-0.3631,0.6459,0.0435,15.3222,-1.291,-0.3666,0.6,0.0663,-0.0027,0.0013,0.0494,0.0,-0.0691,0.0806,0.1041,0.0264,8.004,1,1.4667,moving_forklift,0,0,DEST_BAY_01,30.0,1.9021,0,0,0.5107
12.5,250,15.3524,-1.317,-0.3609,0.6427,0.0436,15.3524,-1.3026,-0.3644,0.6,0.0671,-0.0027,0.0013,0.0459,0.0,-0.0643,0.0813,0.0968,0.0126,9.682,1,1.4857,moving_forklift,0,0,DEST_BAY_01,30.0,1.9021,0,0,0.5117
12.55,251,15.3824,-1.3284,-0.3587,0.6397,0.0439,15.3824,-1.3141,-0.3622,0.6,0.0679,-0.0027,0.0013,0.0427,0.0,-0.0598,0.0822,0.09,0.0178,10.756,1,1.5051,moving_forklift,0,0,DEST_BAY_01,30.0,1.9021,0,0,0.5127
12.6,252,15.4124,-1.3396,-0.3565,0.6369,0.0446,15.4124,-1.3254,-0.36,0.6,0.0686,-0.0027,0.0013,0.0397,0.0,-0.0556,0.0838,0.0837,0.0335,8.055,1,1.5251,moving_forklift,0,0,DEST_BAY_01,30.0,1.9021,0,0,0.5137
12.65,253,15.4422,-1.3507,-0.3542,0.6344,0.0446,15.4422,-1.3367,-0.3578,0.6,0.0694,-0.0027,0.0013,0.0369,0.0,-0.0517,0.0841,0.0779,0.0054,10.109,1,1.5455,moving_forklift,0,0,DEST_BAY_01,30.0,1.9021,0,0,0.5147
12.7,254,15.472,-1.3617,-0.352,0.6319,0.045,15.472,-1.3478,-0.3556,0.6,0.0701,-0.0027,0.0014,0.0344,0.0,-0.0481,0.0853,0.0724,0.0243,8.533,1,1.5664,moving_forklift,0,0,DEST_BAY_01,30.0,1.9021,0,0,0.5157
12.75,255,15.5016,-1.3726,-0.3497,0.6297,0.0452,15.5016,-1.3588,-0.3534,0.6,0.0709,-0.0027,0.0014,0.0319,0.0,-0.0447,0.0859,0.0673,0.0109,9.259,1,1.5877,moving_forklift,0,0,DEST_BAY_01,30.0,1.9021,0,0,0.5167
12.8,256,15.5312,-1.3834,-0.3474,0.6276,0.0454,15.5312,-1.3697,-0.3511,0.6,0.0716,-0.0027,0.0014,0.0297,0.0,-0.0416,0.0866,0.0626,0.015,11.938,1,1.6094,moving_forklift,0,0,DEST_BAY_01,30.0,1.9021,0,0,0.5177
12.85,257,15.5607,-1.3941,-0.3451,0.6257,0.0455,15.5607,-1.3805,-0.3488,0.6,0.0724,-0.0027,0.0014,0.0276,0.0,-0.0387,0.087,0.0582,0.0069,12.441,1,1.6316,moving_forklift,0,0,DEST_BAY_01,30.0,1.9021,0,0,0.5187
12.9,258,15.5902,-1.4046,-0.3428,0.6239,0.046,15.5902,-1.3912,-0.3466,0.6,0.0731,-0.0027,0.0014,0.0257,0.0,-0.036,0.0883,0.0542,0.0273,7.322,1,1.6541,moving_forklift,0,0,DEST_BAY_01,30.0,1.9021,0,0,0.5197
12.95,259,15.6196,-1.4151,-0.3405,0.6222,0.0465,15.6196,-1.4018,-0.3443,0.6,0.0739,-0.0027,0.0014,0.0239,0.0,-0.0335,0.0894,0.0504,0.0215,10.598,1,1.677,moving_forklift,0,0,DEST_BAY_01,30.0,1.9021,0,0,0.5207
13.0,260,15.6489,-1.4255,-0.3382,0.6207,0.0469,15.6489,-1.4123,-0.3419,0.6,0.0746,-0.0027,0.0014,0.0222,0.0,-0.0311,0.0905,0.0468,0.0223,11.296,1,1.7003,moving_forklift,0,0,DEST_BAY_01,30.0,1.9021,0,0,0.5216
13.05,261,15.6782,-1.4358,-0.3358,0.6822,0.0518,15.6782,-1.4227,-0.3396,1.5,0.0753,-0.0027,0.0015,-0.8793,0.0,1.2311,0.0909,25.2436,0.0076,12.122,1,1.7239,moving_forklift,0,0,DEST_BAY_01,30.0,1.9021,0,0,0.5226
13.1,262,15.7104,-1.4471,-0.3332,0.7395,0.0564,15.7104,-1.433,-0.3373,1.5,0.0761,-0.0027,0.0015,-0.8178,0.0,1.1449,0.0913,-1.7235,0.0075,13.183,1,1.7486,moving_forklift,0,0,DEST_BAY_01,30.0,1.9021,0,0,0.5237
13.15,263,15.7453,-1.4592,-0.3303,0.7927,0.061,15.7453,-1.4442,-0.3346,1.5,0.0769,-0.0027,0.0015,-0.7605,0.0,1.0647,0.092,-1.6028,0.0153,8.456,1,1.7743,moving_forklift,0,0,DEST_BAY_01,30.0,1.9021,0,0,0.5248
13.2,264,15.7828,-1.472,-0.3272,0.8422,0.0662,15.7828,-1.4563,-0.3318,1.5,0.0777,-0.0027,0.0014,-0.7073,0.0,0.9902,0.0941,-1.4906,0.0405,7.995,1,1.8011,moving_forklift,0,0,DEST_BAY_01,30.0,1.9021,0,0,0.5261
13.25,265,15.8227,-1.4855,-0.3239,0.8883,0.0705,15.8227,-1.4692,-0.3287,1.5,0.0787,-0.0027,0.0015,-0.6578,0.0,0.9209,0.0949,-1.3863,0.0171,11.418,1,1.829,moving_forklift,0,0,DEST_BAY_01,30.0,1.9021,0,0,0.5274
13.3,266,15.8648,-1.4997,-0.3203,0.9311,0.0745,15.8648,-1.4827,-0.3254,1.5,0.0797,-0.0027,0.0015,-0.6117,0.0,0.8564,0.0957,-1.2893,0.0165,11.607,1,1.8581,moving_forklift,0,0,DEST_BAY_01,30.0,1.9021,0,0,0.5288
13.35,267,15.909,-1.5143,-0.3166,0.9709,0.0789,15.909,-1.4968,-0.3218,1.5,0.0807,-0.0027,0.0015,-0.5689,0.0,0.7965,0.0972,-1.199,0.0291,12.031,1,1.8884,moving_forklift,0,0,DEST_BAY_01,30.0,1.9021,0,0,0.5303
13.4,268,15.9551,-1.5294,-0.3125,1.0079,0.0834,15.9551,-1.5115,-0.318,1.5,0.0818,-0.0027,0.0015,-0.5291,0.0,0.7407,0.099,-1.1151,0.036,11.912,1,1.9198,moving_forklift,0,0,DEST_BAY_01,30.0,1.9021,0,0,0.5318
13.45,269,16.0031,-1.5449,-0.3083,1.0424,0.0877,16.0031,-1.5265,-0.314,1.5,0.083,-0.0028,0.0015,-0.4921,0.0,0.6889,0.1006,-1.037,0.0324,7.922,1,1.9524,moving_forklift,0,0,DEST_BAY_01,30.0,1.9021,0,0,0.5334
13.5,270,16.0527,-1.5608,-0.3039,1.0744,0.0916,16.0527,-1.542,-0.3098,1.5,0.0841,-0.0028,0.0015,-0.4576,0.0,0.6407,0.102,-0.9644,0.0271,7.881,1,1.9863,moving_forklift,0,0,DEST_BAY_01,30.0,1.9021,0,0,0.5351
13.55,271,16.104,-1.5768,-0.2993,1.1042,0.0939,16.104,-1.5578,-0.3054,1.5,0.0854,-0.0028,0.0015,-0.4256,0.0,0.5958,0.1017,-0.8969,-0.0053,7.362,1,2.0212,moving_forklift,0,0,DEST_BAY_01,30.0,1.9021,0,0,0.5368
13.6,272,16.1567,-1.5931,-0.2945,1.1319,0.0986,16.1567,-1.5738,-0.3008,1.5,0.0866,-0.0029,0.0015,-0.3958,0.0,0.5541,0.1042,-0.8341,0.0495,13.236,1,2.0574,moving_forklift,0,0,DEST_BAY_01,30.0,1.9021,0,0,0.5386
13.65,273,16.2109,-1.6095,-0.2894,1.1577,0.1034,16.2109,-1.59,-0.2959,1.5,0.0879,-0.0029,0.0015,-0.3681,0.0,0.5153,0.1067,-0.7757,0.0512,9.699,1,2.0947,moving_forklift,0,0,DEST_BAY_01,30.0,1.9021,0,0,0.5404
13.7,274,16.2664,-1.6261,-0.2842,1.1816,0.1063,16.2664,-1.6064,-0.2909,1.5,0.0892,-0.003,0.0015,-0.3423,0.0,0.4792,0.1076,-0.7214,0.0164,11.551,1,2.1332,moving_forklift,0,0,DEST_BAY_01,30.0,1.9021,0,0,0.5422
13.75,275,16.3231,-1.6426,-0.2788,1.2039,0.1098,16.3231,-1.6229,-0.2857,1.5,0.0905,-0.0031,0.0015,-0.3184,0.0,0.4457,0.109,-0.6709,0.0296,11.152,1,2.1727,moving_forklift,0,0,DEST_BAY_01,30.0,1.9021,0,0,0.5441
13.8,276,16.3809,-1.6592,-0.2732,1.2247,0.1144,16.3809,-1.6394,-0.2804,1.5,0.0919,-0.0031,0.0015,-0.2961,0.0,0.4145,0.1116,-0.624,0.051,12.557,1,2.2134,moving_forklift,0,0,DEST_BAY_01,30.0,1.9021,0,0,0.546
13.85,277,16.4399,-1.6757,-0.2674,1.2439,0.1177,16.4399,-1.6558,-0.2748,1.5,0.0933,-0.0032,0.0016,-0.2753,0.0,0.3855,0.113,-0.5803,0.0292,10.983,1,2.2551,moving_forklift,0,0,DEST_BAY_01,30.0,1.9021,0,0,0.548
13.9,278,16.4999,-1.6921,-0.2614,1.2619,0.1217,16.4999,-1.6723,-0.269,1.5,0.0946,-0.0033,0.0016,-0.2561,0.0,0.3585,0.1152,-0.5397,0.0438,12.131,1,2.2977,moving_forklift,0,0,DEST_BAY_01,30.0,1.9021,0,0,0.55
13.95,279,16.5608,-1.7085,-0.2552,1.2785,0.125,16.5608,-1.6886,-0.2631,1.5,0.096,-0.0034,0.0017,-0.2381,0.0,0.3334,0.1168,-0.5019,0.0318,9.387,1,2.3414,moving_forklift,0,0,DEST_BAY_01,30.0,1.9021,0,0,0.552
14.0,280,16.6227,-1.7246,-0.249,1.294,0.1268,16.6227,-1.7048,-0.257,1.5,0.0974,-0.0035,0.0018,-0.2215,0.0,0.3101,0.1171,-0.4668,0.0046,10.388,1,2.386,moving_forklift,0,0,DEST_BAY_01,30.0,1.9021,0,0,0.5541
14.05,281,16.6854,-1.7405,-0.2425,1.3084,0.1309,16.6854,-1.7209,-0.2507,1.5,0.0988,-0.0036,0.0018,-0.206,0.0,0.2884,0.1194,-0.4341,0.0478,9.35,1,2.4316,moving_forklift,0,0,DEST_BAY_01,30.0,1.9021,0,0,0.5562
14.1,282,16.7489,-1.7562,-0.2358,1.3219,0.1345,16.7489,-1.7367,-0.2443,1.5,0.1002,-0.0037,0.0018,-0.1916,0.0,0.2682,0.1215,-0.4037,0.0408,7.865,1,2.4779,moving_forklift,0,0,DEST_BAY_01,30.0,1.9021,0,0,0.5583
14.15,283,16.8132,-1.7717,-0.2291,1.3343,0.1362,16.8132,-1.7524,-0.2377,1.5,0.1016,-0.0038,0.0018,-0.1781,0.0,0.2494,0.1219,-0.3754,0.0076,13.253,1,2.5252,moving_forklift,0,0,DEST_BAY_01,30.0,1.9021,0,0,0.5604
14.2,284,16.8782,-1.7868,-0.2222,1.3459,0.1395,16.8782,-1.7677,-0.2309,1.5,0.103,-0.0039,0.0018,-0.1657,0.0,0.2319,0.1237,-0.3492,0.0377,11.656,1,2.5732,moving_forklift,0,0,DEST_BAY_01,30.0,1.9021,0,0,0.5626
14.25,285,16.9438,-1.8017,-0.2151,1.3567,0.1425,16.9438,-1.7827,-0.224,1.5,0.1044,-0.004,0.0018,-0.1541,0.0,0.2157,0.1254,-0.3247,0.0328,9.944,1,2.6219,moving_forklift,0,0,DEST_BAY_01,30.0,1.9021,0,0,0.5648
14.3,286,17.0101,-1.8162,-0.2079,1.3667,0.1462,17.0101,-1.7974,-0.217,1.5,0.1057,-0.0041,0.0018,-0.1433,0.0,0.2006,0.1277,-0.302,0.0458,8.902,1,2.6714,moving_forklift,0,0,DEST_BAY_01,30.0,1.9021,0,0,0.567
14.35,287,17.0769,-1.8303,-0.2005,1.3761,0.1478,17.0769,-1.8118,-0.2097,1.5,0.1071,-0.0043,0.0019,-0.1333,0.0,0.1866,0.1282,-0.2809,0.0099,12.292,1,2.7215,moving_forklift,0,0,DEST_BAY_01,30.0,1.9021,0,0,0.5692
14.4,288,17.1444,-1.844,-0.193,1.3847,0.1516,17.1444,-1.8258,-0.2024,1.5,0.1084,-0.0044,0.0019,-0.1239,0.0,0.1735,0.1306,-0.2612,0.0487,9.944,1,2.7722,moving_forklift,0,0,DEST_BAY_01,30.0,1.9021,0,0,0.5715
14.45,289,17.2123,-1.8572,-0.1853,1.3928,0.1549,17.2123,-1.8394,-0.1949,1.5,0.1097,-0.0045,0.0019,-0.1153,0.0,0.1614,0.1327,-0.2429,0.0409,11.805,1,2.8236,moving_forklift,0,0,DEST_BAY_01,30.0,1.9021,0,0,0.5737
14.5,290,17.2808,-1.8701,-0.1775,1.4003,0.1576,17.2808,-1.8525,-0.1872,1.5,0.111,-0.0047,0.0019,-0.1072,0.0,0.1501,0.1342,-0.2259,0.0316,12.434,1,2.8754,moving_forklift,0,0,DEST_BAY_01,30.0,1.9021,0,0,0.576
14.55,291,17.3497,-1.8824,-0.1694,1.4073,0.1615,17.3497,-1.8652,-0.1795,1.5,0.1122,-0.0048,0.002,-0.0997,0.0,0.1396,0.1368,-0.2101,0.052,7.746,1,2.9278,moving_forklift,0,0,DEST_BAY_01,30.0,1.9021,0,0,0.5783
14.6,292,17.419,-1.8943,-0.1613,1.4138,0.1631,17.419,-1.8774,-0.1716,1.5,0.1134,-0.0049,0.0022,-0.0927,0.0,0.1298,0.1375,-0.1954,0.014,10.128,1,2.9807,moving_forklift,0,0,DEST_BAY_01,30.0,1.9021,0,0,0.5806
14.65,293,17.4888,-1.9056,-0.1531,1.4198,0.1648,17.4888,-1.8891,-0.1636,1.5,0.1146,-0.0051,0.0022,-0.0862,0.0,0.1207,0.1384,-0.1817,0.0174,11.045,1,3.034,moving_forklift,0,0,DEST_BAY_01,30.0,1.9021,0,0,0.583
14.7,294,17.559,-1.9165,-0.1448,1.4254,0.1673,17.559,-1.9004,-0.1554,1.5,0.1157,-0.0052,0.0023,-0.0802,0.0,0.1123,0.14,-0.169,0.0309,12.561,1,3.0877,moving_forklift,0,0,DEST_BAY_01,30.0,1.9021,0,0,0.5853
14.75,295,17.6295,-1.9268,-0.1363,1.4306,0.1698,17.6295,-1.9111,-0.1472,1.5,0.1168,-0.0053,0.0024,-0.0746,0.0,0.1044,0.1414,-0.1572,0.0297,8.346,1,3.1418,moving_forklift,0,0,DEST_BAY_01,30.0,1.9021,0,0,0.5876
14.8,296,17.7004,-1.9365,-0.1277,1.4355,0.172,17.7004,-1.9212,-0.1388,1.5,0.1179,-0.0055,0.0025,-0.0694,0.0,0.0971,0.1428,-0.1462,0.0274,9.344,1,3.1963,moving_forklift,0,0,DEST_BAY_01,30.0,1.9021,0,0,0.59
14.85,297,17.7715,-1.9456,-0.119,1.44,0.1748,17.7715,-1.9308,-0.1303,1.5,0.1189,-0.0056,0.0026,-0.0645,0.0,0.0903,0.1446,-0.1359,0.0366,12.746,1,3.251,moving_forklift,0,0,DEST_BAY_01,30.0,1.9021,0,0,0.5924
14.9,298,17.843,-1.9542,-0.1103,1.4442,0.1754,17.843,-1.9398,-0.1218,1.5,0.1198,-0.0057,0.0027,-0.06,0.0,0.084,0.1447,-0.1264,0.0013,7.264,1,3.306,moving_forklift,0,0,DEST_BAY_01,30.0,1.9021,0,0,0.5948
14.95,299,17.9148,-1.9621,-0.1015,1.4481,0.1768,17.9148,-1.9483,-0.1131,1.5,0.1207,-0.0059,0.0028,-0.0558,0.0,0.0781,0.1455,-0.1176,0.0159,13.173,1,3.3613,moving_forklift,0,0,DEST_BAY_01,30.0,1.9021,0,0,0.5972
15.0,300,17.9868,-1.9694,-0.0925,1.4518,0.1798,17.9868,-1.9561,-0.1044,1.5,0.1216,-0.006,0.0029,-0.0519,0.0,0.0726,0.1476,-0.1093,0.0414,10.278,1,3.4168,moving_forklift,0,0,DEST_BAY_01,30.0,1.9021,0,0,0.5996
15.05,301,18.0591,-1.9761,-0.0835,1.4551,0.181,18.0591,-1.9633,-0.0955,1.5,0.1223,-0.0061,0.003,-0.0482,0.0,0.0675,0.1481,-0.1017,0.0115,11.976,1,3.4726,moving_forklift,0,0,DEST_BAY_01,30.0,1.9021,0,0,0.602
15.1,302,18.1316,-1.9822,-0.0744,1.4583,0.1815,18.1316,-1.9699,-0.0866,1.5,0.123,-0.0062,0.0032,-0.0449,0.0,0.0628,0.1483,-0.0946,0.0024,10.292,1,3.5285,moving_forklift,0,0,DEST_BAY_01,30.0,1.9021,0,0,0.6044
15.15,303,18.2043,-1.9876,-0.0653,1.4612,0.1823,18.2043,-1.9759,-0.0776,1.5,0.1237,-0.0063,0.0032,-0.0417,0.0,0.0584,0.1486,-0.0879,0.007,12.195,1,3.5845,moving_forklift,0,0,DEST_BAY_01,30.0,1.9021,0,0,0.6068
15.2,304,18.2772,-1.9924,-0.0561,1.4639,0.1847,18.2772,-1.9812,-0.0686,1.5,0.1243,-0.0064,0.0033,-0.0388,0.0,0.0543,0.1503,-0.0818,0.0334,11.558,1,3.6407,moving_forklift,0,0,DEST_BAY_01,30.0,1.9021,0,0,0.6092
15.25,305,18.3503,-1.9965,-0.0468,1.4664,0.1856,18.3503,-1.9859,-0.0595,1.5,0.1248,-0.0065,0.0034,-0.0361,0.0,0.0505,0.1507,-0.0761,0.0089,9.129,1,3.6971,moving_forklift,0,0,DEST_BAY_01,30.0,1.9021,0,0,0.6117
15.3,306,18.4236,-1.9999,-0.0376,1.4688,0.1856,18.4236,-1.9899,-0.0504,1.5,0.1252,-0.0066,0.0035,-0.0336,0.0,0.047,0.1505,-0.0707,-0.0045,10.545,1,3.7535,moving_forklift,0,0,DEST_BAY_01,30.0,1.9021,0,0,0.6141
15.35,307,18.4969,-2.0027,-0.0282,1.471,0.1867,18.4969,-1.9933,-0.0412,1.5,0.1256,-0.0067,0.0036,-0.0312,0.0,0.0437,0.1511,-0.0658,0.0128,9.881,1,3.81,moving_forklift,0,0,DEST_BAY_01,30.0,1.9021,0,0,0.6166
15.4,308,18.5705,-2.0048,-0.0189,1.473,0.1877,18.5705,-1.996,-0.0319,1.5,0.1259,-0.0067,0.0037,-0.029,0.0,0.0406,0.1517,-0.0612,0.0117,11.628,1,3.8665,moving_forklift,0,0,DEST_BAY_01,30.0,1.9021,0,0,0.619
15.45,309,18.6441,-2.0062,-0.0095,1.4749,0.1876,18.6441,-1.998,-0.0227,1.5,0.1261,-0.0068,0.0038,-0.027,0.0,0.0378,0.1515,-0.0569,-0.0046,8.907,1,3.9231,moving_forklift,0,0,DEST_BAY_01,30.0,1.9021,0,0,0.6215
15.5,310,18.7178,-2.0069,-0.0001,1.4766,0.1886,18.7178,-1.9993,-0.0134,1.5,0.1263,-0.0069,0.0039,-0.0251,0.0,0.0352,0.1521,-0.0529,0.0118,8.413,1,3.9798,moving_forklift,0,0,DEST_BAY_01,30.0,1.9021,0,0,0.6239
15.55,311,18.7917,-2.0069,0.0094,1.4783,0.1891,18.7917,-1.9999,-0.0041,1.5,0.1263,-0.0069,0.004,-0.0234,0.0,0.0327,0.1524,-0.0492,0.0054,7.953,1,4.0364,moving_forklift,0,0,DEST_BAY_01,30.0,1.9021,0,0,0.6264
15.6,312,18.8656,-2.0062,0.0188,1.4798,0.1879,18.8656,-1.9999,0.0053,1.5,0.1263,-0.007,0.0041,-0.0217,0.0,0.0304,0.1512,-0.0458,-0.0236,8.366,1,4.0931,moving_forklift,0,0,DEST_BAY_01,30.0,1.9021,0,0,0.6289
15.65,313,18.9396,-2.0048,0.0282,1.4812,0.1887,18.9396,-1.9992,0.0146,1.5,0.1262,-0.007,0.0042,-0.0202,0.0,0.0283,0.1517,-0.0426,0.0104,8.563,1,4.1497,moving_forklift,0,0,DEST_BAY_01,30.0,1.9021,0,0,0.6313
15.7,314,19.0136,-2.0027,0.0376,1.4825,0.1878,19.0136,-1.9977,0.0239,1.5,0.1261,-0.0071,0.0042,-0.0188,0.0,0.0263,0.1508,-0.0396,-0.0173,13.353,1,4.2063,moving_forklift,0,0,DEST_BAY_01,30.0,1.9021,0,0,0.6338
15.75,315,19.0877,-1.9999,0.047,1.4838,0.1886,19.0877,-1.9956,0.0333,1.5,0.1258,-0.0071,0.0043,-0.0175,0.0,0.0245,0.1514,-0.0368,0.0114,10.505,1,4.2629,moving_forklift,0,0,DEST_BAY_01,30.0,1.9021,0,0,0.6363
15.8,316,19.1618,-1.9964,0.0564,1.4849,0.188,19.1618,-1.9928,0.0426,1.5,0.1255,-0.0071,0.0044,-0.0162,0.0,0.0227,0.1508,-0.0342,-0.0118,8.423,1,4.3195,moving_forklift,0,0,DEST_BAY_01,30.0,1.9021,0,0,0.6387
15.85,317,19.2359,-1.9922,0.0658,1.4859,0.1878,19.2359,-1.9893,0.0519,1.5,0.1251,-0.0071,0.0045,-0.0151,0.0,0.0212,0.1505,-0.0318,-0.0055,8.633,1,4.376,moving_forklift,0,0,DEST_BAY_01,30.0,1.9021,0,0,0.6412
15.9,318,19.31,-1.9874,0.0751,1.4869,0.1869,19.31,-1.9851,0.0612,1.5,0.1247,-0.0071,0.0046,-0.0141,0.0,0.0197,0.1497,-0.0296,-0.017,10.565,1,4.4324,moving_forklift,0,0,DEST_BAY_01,30.0,1.9021,0,0,0.6437
15.95,319,19.3842,-1.9818,0.0844,1.4878,0.1861,19.3842,-1.9802,0.0704,1.5,0.1242,-0.0071,0.0047,-0.0131,0.0,0.0183,0.149,-0.0275,-0.0139,8.928,1,4.4888,moving_forklift,0,0,DEST_BAY_01,30.0,1.9021,0,0,0.6461
16.0,320,19.4583,-1.9755,0.0937,1.4887,0.1859,19.4583,-1.9746,0.0796,1.5,0.1235,-0.0071,0.0048,-0.0122,0.0,0.017,0.1487,-0.0256,-0.0055,11.594,1,4.5451,moving_forklift,0,0,DEST_BAY_01,30.0,1.9021,0,0,0.6486
16.05,321,19.5324,-1.9686,0.1029,1.4895,0.1838,19.5324,-1.9684,0.0888,1.5,0.1229,-0.0071,0.0049,-0.0113,0.0,0.0158,0.147,-0.0238,-0.0336,7.996,1,4.6013,moving_forklift,0,0,DEST_BAY_01,30.0,1.9021,0,0,0.6511
16.1,322,19.6065,-1.9609,0.112,1.4902,0.1833,19.6065,-1.9615,0.0979,1.5,0.1221,-0.0071,0.005,-0.0105,0.0,0.0147,0.1465,-0.0222,-0.0098,12.698,1,4.6574,moving_forklift,0,0,DEST_BAY_01,30.0,1.9021,0,0,0.6535
16.15,323,19.6805,-1.9526,0.1211,1.4909,0.1809,19.6805,-1.9538,0.107,1.5,0.1213,-0.007,0.0051,-0.0098,0.0,0.0137,0.1446,-0.0206,-0.0384,10.817,1,4.7134,moving_forklift,0,0,DEST_BAY_01,30.0,1.9021,0,0,0.656
16.2,324,19.7545,-1.9436,0.13,1.4915,0.1795,19.7545,-1.9456,0.116,1.5,0.1204,-0.007,0.0051,-0.0091,0.0,0.0127,0.1434,-0.0192,-0.0244,8.361,1,4.7694,moving_forklift,0,0,DEST_BAY_01,30.0,1.9021,0,0,0.6585
16.25,325,19.8285,-1.9339,0.139,1.4921,0.1788,19.8285,-1.9366,0.1249,1.5,0.1195,-0.0069,0.0051,-0.0085,0.0,0.0118,0.1428,-0.0178,-0.0111,7.524,1,4.8252,moving_forklift,0,0,DEST_BAY_01,30.0,1.9021,0,0,0.6609
16.3,326,19.9024,-1.9236,0.1479,1.4927,0.1778,19.9024,-1.927,0.1338,1.5,0.1185,-0.0069,0.0052,-0.0079,0.0,0.011,0.142,-0.0166,-0.0176,12.379,1,4.881,moving_forklift,0,0,DEST_BAY_01,30.0,1.9021,0,0,0.6634
16.35,327,19.9762,-1.9126,0.1566,1.4932,0.1751,19.9762,-1.9167,0.1426,1.5,0.1174,-0.0068,0.0053,-0.0073,0.0,0.0102,0.1398,-0.0154,-0.043,9.724,1,4.9366,moving_forklift,0,0,DEST_BAY_01,30.0,1.9021,0,0,0.6659
16.4,328,20.0499,-1.9009,0.1653,1.4937,0.1744,20.0499,-1.9058,0.1513,1.5,0.1163,-0.0067,0.0053,-0.0068,0.0,0.0095,0.1392,-0.0143,-0.0118,7.538,1,4.9922,moving_forklift,0,0,DEST_BAY_01,30.0,1.9021,0,0,0.6683
16.45,329,20.1236,-1.8886,0.1739,1.4941,0.1721,20.1236,-1.8942,0.1599,1.5,0.1151,-0.0066,0.0054,-0.0063,0.0,0.0089,0.1374,-0.0133,-0.0373,8.14,1,5.0476,moving_forklift,0,0,DEST_BAY_01,30.0,1.9021,0,0,0.6708
16.5,330,20.1972,-1.8757,0.1824,1.4945,0.1692,20.1972,-1.882,0.1685,1.5,0.1139,-0.0065,0.0055,-0.0059,0.0,0.0082,0.1351,-0.0124,-0.046,13.462,1,5.1029,moving_forklift,0,0,DEST_BAY_01,30.0,1.9021,0,0,0.6732
16.55,331,20.2707,-1.8622,0.1908,1.4949,0.1676,20.2707,-1.8692,0.1769,1.5,0.1126,-0.0064,0.0055,-0.0055,0.0,0.0077,0.1337,-0.0115,-0.0273,7.946,1,5.1582,moving_forklift,0,0,DEST_BAY_01,30.0,1.9021,0,0,0.6757
16.6,332,20.3441,-1.848,0.1991,1.4953,0.1658,20.3441,-1.8557,0.1853,1.5,0.1113,-0.0063,0.0055,-0.0051,0.0,0.0071,0.1323,-0.0107,-0.0288,12.182,1,5.2133,moving_forklift,0,0,DEST_BAY_01,30.0,1.9021,0,0,0.6781
16.65,333,20.4173,-1.8332,0.2072,1.4956,0.1627,20.4173,-1.8416,0.1936,1.5,0.1099,-0.0062,0.0055,-0.0047,0.0,0.0066,0.1298,-0.01,-0.0495,8.622,1,5.2683,moving_forklift,0,0,DEST_BAY_01,30.0,1.9021,0,0,0.6806
16.7,334,20.4905,-1.8178,0.2152,1.4959,0.1607,20.4905,-1.827,0.2017,1.5,0.1085,-0.0061,0.0055,-0.0044,0.0,0.0062,0.1282,-0.0093,-0.0318,9.989,1,5.3232,moving_forklift,0,0,DEST_BAY_01,30.0,1.9021,0,0,0.683
16.75,335,20.5636,-1.8018,0.2232,1.4962,0.159,20.5636,-1.8117,0.2098,1.5,0.1071,-0.006,0.0054,-0.0041,0.0,0.0057,0.1269,-0.0086,-0.0264,12.619,1,5.378,moving_forklift,0,0,DEST_BAY_01,30.0,1.9021,0,0,0.6855
16.8,336,20.6366,-1.7853,0.231,1.4965,0.1573,20.6366,-1.7958,0.2178,1.5,0.1056,-0.0059,0.0054,-0.0038,0.0,0.0053,0.1255,-0.008,-0.0271,11.112,1,5.4327,moving_forklift,0,0,DEST_BAY_01,30.0,1.9021,0,0,0.6879
16.85,337,20.7094,-1.7681,0.2388,1.4967,0.1543,20.7094,-1.7794,0.2256,1.5,0.1041,-0.0058,0.0054,-0.0035,0.0,0.005,0.1231,-0.0075,-0.0478,11.041,1,5.4874,moving_forklift,0,0,DEST_BAY_01,30.0,1.9021,0,0,0.6903
16.9,338,20.7821,-1.7504,0.2464,1.4969,0.1519,20.7821,-1.7624,0.2333,1.5,0.1025,-0.0056,0.0054,-0.0033,0.0,0.0046,0.1211,-0.0069,-0.0397,8.509,1,5.5419,moving_forklift,0,0,DEST_BAY_01,30.0,1.9021,0,0,0.6927
16.95,339,20.8547,-1.7322,0.2537,1.4972,0.148,20.8547,-1.7448,0.2409,1.5,0.1009,-0.0055,0.0054,-0.0031,0.0,0.0043,0.118,-0.0065,-0.0621,8.529,1,5.5963,moving_forklift,0,0,DEST_BAY_01,30.0,1.9021,0,0,0.6952
17.0,340,20.9271,-1.7134,0.2611,1.4974,0.1469,20.9271,-1.7267,0.2484,1.5,0.0993,-0.0054,0.0053,-0.0028,0.0,0.004,0.1172,-0.006,-0.0172,8.295,1,5.6506,moving_forklift,0,0,DEST_BAY_01,30.0,1.9021,0,0,0.6976
17.05,341,20.9995,-1.6941,0.2683,1.4975,0.1442,20.9995,-1.708,0.2558,1.5,0.0977,-0.0052,0.0053,-0.0026,0.0,0.0037,0.1151,-0.0056,-0.0422,7.673,1,5.7049,moving_forklift,0,0,DEST_BAY_01,30.0,1.9021,0,0,0.7
17.1,342,21.0717,-1.6742,0.2754,1.4977,0.1427,21.0717,-1.6888,0.263,1.5,0.096,-0.0051,0.0053,-0.0025,0.0,0.0034,0.1138,-0.0052,-0.0248,10.941,1,5.759,moving_forklift,0,0,DEST_BAY_01,30.0,1.9021,0,0,0.7024
17.15,343,21.1437,-1.6539,0.2824,1.4979,0.1393,21.1437,-1.6691,0.2702,1.5,0.0944,-0.005,0.0053,-0.0023,0.0,0.0032,0.1112,-0.0048,-0.053,9.035,1,5.8131,moving_forklift,0,0,DEST_BAY_01,30.0,1.9021,0,0,0.7048
17.2,344,21.2157,-1.633,0.2892,1.498,0.1368,21.2157,-1.6488,0.2772,1.5,0.0927,-0.0048,0.0052,-0.0021,0.0,0.003,0.1092,-0.0045,-0.0402,11.629,1,5.8671,moving_forklift,0,0,DEST_BAY_01,30.0,1.9021,0,0,0.7072
17.25,345,21.2875,-1.6116,0.296,1.4982,0.135,21.2875,-1.6281,0.284,1.5,0.091,-0.0047,0.0052,-0.002,0.0,0.0028,0.1077,-0.0042,-0.0286,10.06,1,5.921,moving_forklift,0,0,DEST_BAY_01,30.0,1.9021,0,0,0.7096
17.3,346,21.3591,-1.5898,0.3025,1.4983,0.1308,21.3591,-1.6069,0.2908,1.5,0.0892,-0.0045,0.0052,-0.0018,0.0,0.0026,0.1043,-0.0039,-0.0678,12.163,1,5.9749,moving_forklift,0,0,DEST_BAY_01,30.0,1.9021,0,0,0.712
17.35,347,21.4306,-1.5675,0.3089,1.4984,0.1273,21.4306,-1.5852,0.2974,1.5,0.0875,-0.0044,0.0051,-0.0017,0.0,0.0024,0.1016,-0.0036,-0.0543,11.138,1,6.0287,moving_forklift,0,0,DEST_BAY_01,30.0,1.9021,0,0,0.7144
17.4,348,21.502,-1.5447,0.3152,1.4985,0.1253,21.502,-1.563,0.3039,1.5,0.0858,-0.0042,0.005,-0.0016,0.0,0.0022,0.1,-0.0034,-0.0327,9.878,1,6.0824,moving_forklift,0,0,DEST_BAY_01,30.0,1.9021,0,0,0.7167
17.45,349,21.5732,-1.5215,0.3213,1.4986,0.1222,21.5732,-1.5404,0.3102,1.5,0.084,-0.0041,0.0049,-0.0015,0.0,0.0021,0.0975,-0.0031,-0.0495,10.631,1,6.1361,moving_forklift,0,0,DEST_BAY_01,30.0,1.9021,0,0,0.7191
17.5,350,21.6443,-1.4978,0.3273,1.4987,0.12,21.6443,-1.5173,0.3165,1.5,0.0823,-0.0039,0.0048,-0.0014,0.0,0.0019,0.0958,-0.0029,-0.035,12.408,1,6.1897,moving_forklift,0,0,DEST_BAY_01,30.0,1.9021,0,0,0.7215
17.55,351,21.7153,-1.4737,0.3331,1.4988,0.117,21.7153,-1.4938,0.3226,1.5,0.0805,-0.0038,0.0047,-0.0013,0.0,0.0018,0.0934,-0.0027,-0.0466,7.65,1,6.2433,moving_forklift,0,0,DEST_BAY_01,30.0,1.9021,0,0,0.7238
17.6,352,21.7861,-1.4492,0.3389,1.4989,0.1158,21.7861,-1.4698,0.3285,1.5,0.0787,-0.0037,0.0046,-0.0012,0.0,0.0017,0.0924,-0.0025,-0.0201,11.918,1,6.2968,moving_forklift,0,0,DEST_BAY_01,30.0,1.9021,0,0,0.7262
17.65,353,21.8568,-1.4243,0.3446,1.499,0.1132,21.8568,-1.4455,0.3344,1.5,0.077,-0.0035,0.0045,-0.0011,0.0,0.0016,0.0904,-0.0023,-0.0405,10.786,1,6.3503,moving_forklift,0,0,DEST_BAY_01,30.0,1.9021,0,0,0.7286
17.7,354,21.9273,-1.399,0.3501,1.499,0.11,21.9273,-1.4207,0.3401,1.5,0.0752,-0.0034,0.0045,-0.001,0.0,0.0014,0.0878,-0.0022,-0.0524,11.539,1,6.4037,moving_forklift,0,0,DEST_BAY_01,30.0,1.9021,0,0,0.7309
17.75,355,21.9977,-1.3733,0.3554,1.4991,0.1076,21.9977,-1.3955,0.3456,1.5,0.0734,-0.0033,0.0044,-0.001,0.0,0.0013,0.086,-0.002,-0.0368,11.608,1,6.4572,moving_forklift,0,0,DEST_BAY_01,30.0,1.9021,0,0,0.7333
17.8,356,22.068,-1.3472,0.3607,1.4992,0.1053,22.068,-1.3699,0.3511,1.5,0.0716,-0.0031,0.0044,-0.0009,0.0,0.0012,0.0841,-0.0019,-0.0374,10.311,1,6.5105,moving_forklift,0,0,DEST_BAY_01,30.0,1.9021,0,0,0.7356
17.85,357,22.1381,-1.3207,0.3658,1.4992,0.1016,22.1381,-1.344,0.3564,1.5,0.0699,-0.003,0.0044,-0.0008,0.0,0.0012,0.0811,-0.0017,-0.0589,7.707,1,6.5639,moving_forklift,0,0,DEST_BAY_01,30.0,1.9021,0,0,0.7379
17.9,358,22.2081,-1.2939,0.3708,1.4993,0.0998,22.2081,-1.3177,0.3615,1.5,0.0681,-0.0029,0.0043,-0.0008,0.0,0.0011,0.0797,-0.0016,-0.0281,9.231,1,6.6173,moving_forklift,0,0,DEST_BAY_01,30.0,1.9021,0,0,0.7403
17.95,359,22.278,-1.2667,0.3756,1.4993,0.0966,22.278,-1.291,0.3666,1.5,0.0663,-0.0027,0.0042,-0.0007,0.0,0.001,0.0772,-0.0015,-0.0511,8.777,1,6.6706,moving_forklift,0,0,DEST_BAY_01,30.0,1.9021,0,0,0.7426
18.0,360,22.3478,-1.2392,0.3804,1.4994,0.0951,22.3478,-1.264,0.3715,1.5,0.0646,-0.0026,0.0042,-0.0007,0.0,0.0009,0.076,-0.0014,-0.0239,12.467,1,6.7239,moving_forklift,0,0,DEST_BAY_01,30.0,1.9021,0,0,0.7449
18.05,361,22.4174,-1.2114,0.385,1.4994,0.0919,22.4174,-1.2366,0.3762,1.5,0.0628,-0.0025,0.0041,-0.0006,0.0,0.0009,0.0734,-0.0013,-0.0515,10.824,1,6.7772,moving_forklift,0,0,DEST_BAY_01,30.0,1.9021,0,0,0.7472
18.1,362,22.4868,-1.1833,0.3895,1.4995,0.0907,22.4868,-1.2089,0.3809,1.5,0.0611,-0.0023,0.0041,-0.0006,0.0,0.0008,0.0724,-0.0012,-0.0195,11.435,1,6.8306,moving_forklift,0,0,DEST_BAY_01,30.0,1.9021,0,0,0.7496
18.15,363,22.5562,-1.1548,0.3937,1.4995,0.0848,22.5562,-1.1809,0.3854,1.5,0.0594,-0.0022,0.0041,-0.0005,0.0,0.0008,0.0677,-0.0011,-0.0941,8.898,1,6.8839,moving_forklift,0,0,DEST_BAY_01,30.0,1.9021,0,0,0.7519
18.2,364,22.6254,-1.126,0.3979,1.4995,0.084,22.6254,-1.1526,0.3898,1.5,0.0576,-0.002,0.004,-0.0005,0.0,0.0007,0.0671,-0.0011,-0.0125,10.164,1,6.9372,moving_forklift,0,0,DEST_BAY_01,30.0,1.9021,0,0,0.7542
18.25,365,22.6946,-1.097,0.402,1.4996,0.0806,22.6946,-1.124,0.394,1.5,0.0559,-0.0019,0.0039,-0.0005,0.0,0.0006,0.0644,-0.001,-0.0546,11.305,1,6.9906,moving_forklift,0,0,DEST_BAY_01,30.0,1.9021,0,0,0.7565
18.3,366,22.7636,-1.0676,0.4059,1.4996,0.078,22.7636,-1.0951,0.3981,1.5,0.0542,-0.0017,0.0038,-0.0004,0.0,0.0006,0.0624,-0.0009,-0.0401,10.888,1,7.044,moving_forklift,0,0,DEST_BAY_01,30.0,1.9021,0,0,0.7588
18.35,367,22.8325,-1.038,0.4096,1.4996,0.0749,22.8325,-1.0659,0.4021,1.5,0.0525,-0.0016,0.0037,-0.0004,0.0,0.0006,0.0599,-0.0008,-0.0499,11.199,1,7.0974,moving_forklift,0,0,DEST_BAY_01,30.0,1.9021,0,0,0.7611
18.4,368,22.9012,-1.0082,0.4132,1.4997,0.0723,22.9012,-1.0364,0.406,1.5,0.0508,-0.0015,0.0036,-0.0004,0.0,0.0005,0.0578,-0.0008,-0.0415,9.392,1,7.1508,moving_forklift,0,0,DEST_BAY_01,30.0,1.9021,0,0,0.7634
18.45,369,22.9699,-0.9781,0.4167,1.4997,0.0701,22.9699,-1.0067,0.4097,1.5,0.0491,-0.0013,0.0035,-0.0003,0.0,0.0005,0.056,-0.0007,-0.0354,9.3,1,7.2043,moving_forklift,0,0,DEST_BAY_01,30.0,1.9021,0,0,0.7657
18.5,370,23.0385,-0.9477,0.4201,1.4997,0.067,23.0385,-0.9767,0.4134,1.5,0.0474,-0.0012,0.0034,-0.0003,0.0,0.0005,0.0535,-0.0007,-0.0498,9.278,1,7.2578,moving_forklift,0,0,DEST_BAY_01,30.0,1.9021,0,0,0.7679
18.55,371,23.1069,-0.9171,0.4233,1.4997,0.064,23.1069,-0.9465,0.4169,1.5,0.0457,-0.0011,0.0032,-0.0003,0.0,0.0004,0.0512,-0.0006,-0.047,11.57,1,7.3113,moving_forklift,0,0,DEST_BAY_01,30.0,1.9021,0,0,0.7702
18.6,372,23.1753,-0.8863,0.4264,1.4997,0.0624,23.1753,-0.9161,0.4202,1.5,0.044,-0.001,0.0031,-0.0003,0.0,0.0004,0.0499,-0.0006,-0.0268,12.325,1,7.3649,moving_forklift,0,0,DEST_BAY_01,30.0,1.9021,0,0,0.7725
18.65,373,23.2436,-0.8553,0.4295,1.4998,0.0617,23.2436,-0.8854,0.4235,1.5,0.0424,-0.0009,0.003,-0.0003,0.0,0.0004,0.0494,-0.0005,-0.0098,10.666,1,7.4186,moving_forklift,0,0,DEST_BAY_01,30.0,1.9021,0,0,0.7748
18.7,374,23.3118,-0.8241,0.4323,1.4998,0.0572,23.3118,-0.8545,0.4266,1.5,0.0407,-0.0008,0.0029,-0.0002,0.0,0.0003,0.0457,-0.0005,-0.0726,9.237,1,7.4723,moving_forklift,0,0,DEST_BAY_01,30.0,1.9021,0,0,0.7771
18.75,375,23.3798,-0.7927,0.4351,1.4998,0.0555,23.3798,-0.8234,0.4296,1.5,0.0391,-0.0006,0.0028,-0.0002,0.0,0.0003,0.0444,-0.0005,-0.0275,13.312,1,7.5261,moving_forklift,0,0,DEST_BAY_01,30.0,1.9021,0,0,0.7793
18.8,376,23.4478,-0.7611,0.4377,1.4998,0.0523,23.4478,-0.7921,0.4324,1.5,0.0374,-0.0005,0.0027,-0.0002,0.0,0.0003,0.0418,-0.0004,-0.0512,13.425,1,7.58,moving_forklift,0,0,DEST_BAY_01,30.0,1.9021,0,0,0.7816
18.85,377,23.5158,-0.7293,0.4403,1.4998,0.051,23.5158,-0.7606,0.4352,1.5,0.0358,-0.0004,0.0026,-0.0002,0.0,0.0003,0.0408,-0.0004,-0.021,11.343,1,7.6339,moving_forklift,0,0,DEST_BAY_01,30.0,1.9021,0,0,0.7839
18.9,378,23.5836,-0.6973,0.4427,1.4998,0.0475,23.5836,-0.7289,0.4378,1.5,0.0342,-0.0004,0.0025,-0.0002,0.0,0.0003,0.038,-0.0004,-0.0555,8.382,1,7.6879,moving_forklift,0,0,DEST_BAY_01,30.0,1.9021,0,0,0.7861
18.95,379,23.6514,-0.6652,0.4449,1.4998,0.0456,23.6514,-0.697,0.4403,1.5,0.0326,-0.0003,0.0024,-0.0002,0.0,0.0002,0.0365,-0.0004,-0.0301,9.479,1,7.742,moving_forklift,0,0,DEST_BAY_01,30.0,1.9021,0,0,0.7884
19.0,380,23.7191,-0.6329,0.4471,1.4999,0.0435,23.7191,-0.665,0.4427,1.5,0.031,-0.0002,0.0023,-0.0002,0.0,0.0002,0.0348,-0.0003,-0.0343,11.988,1,7.7962,moving_forklift,0,0,DEST_BAY_01,30.0,1.9021,0,0,0.7906
19.05,381,23.7867,-0.6005,0.4491,1.4999,0.0402,23.7867,-0.6328,0.4449,1.5,0.0294,-0.0001,0.0022,-0.0001,0.0,0.0002,0.0321,-0.0003,-0.0522,8.482,1,7.8504,moving_forklift,0,0,DEST_BAY_01,30.0,1.9021,0,0,0.7929
19.1,382,23.8542,-0.5679,0.451,1.4999,0.0374,23.8542,-0.6005,0.4471,1.5,0.0278,-0.0,0.002,-0.0001,0.0,0.0002,0.0299,-0.0003,-0.0443,9.96,1,7.9048,moving_forklift,0,0,DEST_BAY_01,30.0,1.9021,0,0,0.7951
19.15,383,23.9217,-0.5352,0.4528,1.4999,0.0361,23.9217,-0.568,0.4491,1.5,0.0262,0.0001,0.0019,-0.0001,0.0,0.0002,0.0289,-0.0003,-0.0209,11.599,1,7.9593,moving_forklift,0,0,DEST_BAY_01,30.0,1.9021,0,0,0.7974
19.2,384,23.9892,-0.5024,0.4546,1.4999,0.0355,23.9892,-0.5354,0.451,1.5,0.0247,0.0001,0.0018,-0.0001,0.0,0.0002,0.0284,-0.0002,-0.0102,11.036,1,8.0138,moving_forklift,0,0,DEST_BAY_01,30.0,1.9021,0,0,0.7996
19.25,385,24.0565,-0.4695,0.4562,1.4999,0.033,24.0565,-0.5027,0.4528,1.5,0.0231,0.0002,0.0018,-0.0001,0.0,0.0002,0.0264,-0.0002,-0.0393,8.708,1,8.0685,moving_forklift,0,0,DEST_BAY_01,30.0,1.9021,0,0,0.8019
19.3,386,24.1239,-0.4365,0.4577,1.4999,0.0299,24.1239,-0.4698,0.4545,1.5,0.0215,0.0003,0.0017,-0.0001,0.0,0.0001,0.0239,-0.0002,-0.0499,10.679,1,8.1232,moving_forklift,0,0,DEST_BAY_01,30.0,1.9021,0,0,0.8041
19.35,387,24.1911,-0.4033,0.4591,1.4999,0.0278,24.1911,-0.4368,0.456,1.5,0.02,0.0003,0.0017,-0.0001,0.0,0.0001,0.0222,-0.0002,-0.0335,7.787,1,8.1781,moving_forklift,0,0,DEST_BAY_01,30.0,1.9021,0,0,0.8064
19.4,388,24.2584,-0.3701,0.4604,1.4999,0.0262,24.2584,-0.4038,0.4575,1.5,0.0184,0.0004,0.0016,-0.0001,0.0,0.0001,0.0209,-0.0002,-0.0259,10.107,1,8.2331,moving_forklift,0,0,DEST_BAY_01,30.0,1.9021,0,0,0.8086
19.45,389,24.3256,-0.3368,0.4615,1.4999,0.0224,24.3256,-0.3706,0.4588,1.5,0.0169,0.0005,0.0016,-0.0001,0.0,0.0001,0.0179,-0.0002,-0.0612,7.94,1,8.2882,moving_forklift,0,0,DEST_BAY_01,30.0,1.9021,0,0,0.8109
19.5,390,24.3927,-0.3034,0.4626,1.4999,0.0205,24.3927,-0.3374,0.46,1.5,0.0153,0.0006,0.0015,-0.0001,0.0,0.0001,0.0164,-0.0002,-0.0294,11.715,1,8.3434,moving_forklift,0,0,DEST_BAY_01,30.0,1.9021,0,0,0.8131
19.55,391,24.4598,-0.2699,0.4634,1.4999,0.0172,24.4598,-0.3041,0.4611,1.5,0.0138,0.0006,0.0015,-0.0001,0.0,0.0001,0.0138,-0.0001,-0.0527,10.406,1,8.3988,moving_forklift,0,0,DEST_BAY_01,30.0,1.9021,0,0,0.8153
19.6,392,24.5269,-0.2364,0.4642,1.4999,0.0155,24.5269,-0.2707,0.4621,1.5,0.0123,0.0007,0.0014,-0.0001,0.0,0.0001,0.0124,-0.0001,-0.028,13.376,1,8.4543,moving_forklift,0,0,DEST_BAY_01,30.0,1.9021,0,0,0.8176
19.65,393,24.594,-0.2028,0.4649,1.4999,0.0146,24.594,-0.2372,0.4629,1.5,0.0107,0.0008,0.0013,-0.0001,0.0,0.0001,0.0117,-0.0001,-0.0143,8.736,1,8.5099,moving_forklift,0,0,DEST_BAY_01,30.0,1.9021,0,0,0.8198
19.7,394,24.661,-0.1692,0.4655,1.4999,0.0105,24.661,-0.2037,0.4637,1.5,0.0092,0.0008,0.0012,-0.0001,0.0,0.0001,0.0084,-0.0001,-0.0655,13.008,1,8.5657,moving_forklift,0,0,DEST_BAY_01,30.0,1.9021,0,0,0.822
19.75,395,24.728,-0.1355,0.4659,1.5,0.0087,24.728,-0.1702,0.4643,1.5,0.0077,0.0009,0.0011,-0.0001,0.0,0.0001,0.0069,-0.0001,-0.0291,10.402,1,8.6216,moving_forklift,0,0,DEST_BAY_01,30.0,1.9021,0,0,0.8243
19.8,396,24.795,-0.1018,0.4663,1.5,0.0075,24.795,-0.1366,0.4648,1.5,0.0062,0.001,0.0011,-0.0,0.0,0.0001,0.006,-0.0001,-0.0181,8.94,1,8.6777,moving_forklift,0,0,DEST_BAY_01,30.0,1.9021,0,0,0.8265
19.85,397,24.862,-0.0681,0.4664,1.5,0.0035,24.862,-0.103,0.4652,1.5,0.0046,0.001,0.001,-0.0,0.0,0.0001,0.0028,-0.0001,-0.0652,12.177,1,8.7339,moving_forklift,0,0,DEST_BAY_01,30.0,1.9021,0,0,0.8287
19.9,398,24.929,-0.0344,0.4665,1.5,0.0009,24.929,-0.0693,0.4655,1.5,0.0031,0.0011,0.0009,-0.0,0.0,0.0001,0.0007,-0.0001,-0.0412,10.399,1,8.7903,moving_forklift,0,0,DEST_BAY_01,30.0,1.9021,0,0,0.831
19.95,399,24.996,-0.0006,0.4665,1.5,0.0007,24.996,-0.0357,0.4657,1.5,0.0016,0.0012,0.0008,-0.0,0.0,0.0001,0.0006,-0.0001,-0.0025,12.369,1,8.8468,moving_forklift,0,0,DEST_BAY_01,30.0,1.9021,0,0,0.8332
20.0,400,25.063,0.0331,0.4664,1.5,-0.0024,25.063,-0.002,0.4658,1.5,0.0001,0.0012,0.0007,-0.0,0.0,0.0001,-0.0019,-0.0001,-0.0504,10.898,1,8.9035,moving_forklift,0,0,DEST_BAY_01,30.0,1.9021,0,0,0.8354
20.05,401,25.13,0.0668,0.4662,1.5,-0.004,25.13,0.0317,0.4657,1.5,-0.0014,0.0013,0.0007,-0.0,0.0,0.0,-0.0032,-0.0001,-0.0258,13.493,1,8.9603,moving_forklift,0,0,DEST_BAY_01,30.0,1.9021,0,0,0.8377
20.1,402,25.197,0.1005,0.4658,1.5,-0.0072,25.197,0.0653,0.4656,1.5,-0.0029,0.0013,0.0006,-0.0,0.0,0.0,-0.0057,-0.0001,-0.0505,10.593,1,9.0173,moving_forklift,0,0,DEST_BAY_01,30.0,1.9021,0,0,0.8399
20.15,403,25.264,0.1342,0.4654,1.5,-0.009,25.264,0.099,0.4653,1.5,-0.0045,0.0014,0.0006,-0.0,0.0,0.0,-0.0072,-0.0001,-0.0296,9.374,1,9.0745,moving_forklift,0,0,DEST_BAY_01,30.0,1.9021,0,0,0.8421
20.2,404,25.331,0.1679,0.4648,1.5,-0.0121,25.331,0.1326,0.4649,1.5,-0.006,0.0014,0.0005,-0.0,0.0,0.0,-0.0096,-0.0001,-0.0483,10.069,1,9.1319,moving_forklift,0,0,DEST_BAY_01,30.0,1.9021,0,0,0.8444
20.25,405,25.398,0.2015,0.4641,1.5,-0.0138,25.398,0.1662,0.4644,1.5,-0.0075,0.0015,0.0004,-0.0,0.0,0.0,-0.011,-0.0001,-0.0274,9.227,1,9.1894,moving_forklift,0,0,DEST_BAY_01,30.0,1.9021,0,0,0.8466
20.3,406,25.4651,0.235,0.4633,1.5,-0.0154,25.4651,0.1997,0.4638,1.5,-0.009,0.0016,0.0003,-0.0,0.0,0.0,-0.0123,-0.0,-0.0261,10.802,1,9.2471,moving_forklift,0,0,DEST_BAY_01,30.0,1.9021,0,0,0.8488
20.35,407,25.5322,0.2686,0.4625,1.5,-0.0172,25.5322,0.2333,0.463,1.5,-0.0106,0.0016,0.0003,-0.0,0.0,0.0,-0.0137,-0.0,-0.0282,8.671,1,9.305,moving_forklift,0,0,DEST_BAY_01,30.0,1.9021,0,0,0.8511
20.4,408,25.5993,0.302,0.4614,1.5,-0.0204,25.5993,0.2667,0.4622,1.5,-0.0121,0.0017,0.0003,-0.0,0.0,0.0,-0.0163,-0.0,-0.0513,11.892,1,9.3631,moving_forklift,0,0,DEST_BAY_01,30.0,1.9021,0,0,0.8533
20.45,409,25.6665,0.3354,0.4603,1.5,-0.0229,25.6665,0.3001,0.4612,1.5,-0.0136,0.0017,0.0002,-0.0,0.0,0.0,-0.0183,-0.0,-0.04,11.643,1,9.4214,moving_forklift,0,0,DEST_BAY_01,30.0,1.9021,0,0,0.8555
20.5,410,25.7337,0.3687,0.4591,1.5,-0.0247,25.7337,0.3334,0.4601,1.5,-0.0151,0.0018,0.0002,-0.0,0.0,0.0,-0.0198,-0.0,-0.0297,11.381,1,9.4799,moving_forklift,0,0,DEST_BAY_01,30.0,1.9021,0,0,0.8578
20.55,411,25.8009,0.402,0.4577,1.5,-0.0278,25.8009,0.3667,0.4589,1.5,-0.0167,0.0018,0.0001,-0.0,0.0,0.0,-0.0223,-0.0,-0.0499,12.371,1,9.5385,moving_forklift,0,0,DEST_BAY_01,30.0,1.9021,0,0,0.86
20.6,412,25.8682,0.4351,0.4562,1.5,-0.0288,25.8682,0.3999,0.4576,1.5,-0.0182,0.0019,0.0,-0.0,0.0,0.0,-0.023,-0.0,-0.0154,7.433,1,9.5974,moving_forklift,0,0,DEST_BAY_01,30.0,1.9021,0,0,0.8623
20.65,413,25.9355,0.4682,0.4546,1.5,-0.032,25.9355,0.4329,0.4562,1.5,-0.0198,0.0019,0.0,-0.0,0.0,0.0,-0.0256,-0.0,-0.0509,10.364,1,9.6565,moving_forklift,0,0,DEST_BAY_01,30.0,1.9021,0,0,0.8645
20.7,414,26.0029,0.5011,0.4529,1.5,-0.0353,26.0029,0.4659,0.4547,1.5,-0.0213,0.002,-0.0,-0.0,0.0,0.0,-0.0282,-0.0,-0.0527,12.707,1,9.7157,moving_forklift,0,0,DEST_BAY_01,30.0,1.9021,0,0,0.8668
20.75,415,26.0703,0.5339,0.451,1.5,-0.0372,26.0703,0.4988,0.453,1.5,-0.0229,0.0021,-0.0001,-0.0,0.0,0.0,-0.0297,-0.0,-0.0299,9.974,1,9.7752,moving_forklift,0,0,DEST_BAY_01,30.0,1.9021,0,0,0.869
20.8,416,26.1378,0.5666,0.449,1.5,-0.0395,26.1378,0.5315,0.4512,1.5,-0.0245,0.0021,-0.0002,-0.0,0.0,0.0,-0.0316,-0.0,-0.0368,11.751,1,9.8349,moving_forklift,0,0,DEST_BAY_01,30.0,1.9021,0,0,0.8713
20.85,417,26.2054,0.5992,0.447,1.5,-0.0412,26.2054,0.5642,0.4493,1.5,-0.026,0.0022,-0.0003,-0.0,0.0,0.0,-0.0329,-0.0,-0.0278,9.783,1,9.8948,moving_forklift,0,0,DEST_BAY_01,30.0,1.9021,0,0,0.8735
20.9,418,26.273,0.6316,0.4448,1.5,-0.0437,26.273,0.5967,0.4473,1.5,-0.0276,0.0022,-0.0004,-0.0,0.0,0.0,-0.0349,-0.0,-0.0392,10.158,1,9.955,moving_forklift,0,0,DEST_BAY_01,30.0,1.9021,0,0,0.8758
20.95,419,26.3407,0.6638,0.4425,1.5,-0.0461,26.3407,0.629,0.4452,1.5,-0.0292,0.0023,-0.0004,-0.0,0.0,0.0,-0.0369,-0.0,-0.0394,13.306,1,10.0153,moving_forklift,0,0,DEST_BAY_01,30.0,1.9021,0,0,0.878
21.0,420,26.4085,0.696,0.4401,1.5,-0.0487,26.4085,0.6612,0.4429,1.5,-0.0308,0.0023,-0.0005,-0.0,0.0,0.0,-0.0389,-0.0,-0.0413,11.294,1,10.0759,moving_forklift,0,0,DEST_BAY_01,30.0,1.9021,0,0,0.8803
21.05,421,26.4764,0.7279,0.4376,1.5,-0.0497,26.4764,0.6933,0.4406,1.5,-0.0324,0.0024,-0.0005,-0.0,0.0,0.0,-0.0398,-0.0,-0.0167,12.566,1,10.1367,moving_forklift,0,0,DEST_BAY_01,30.0,1.9021,0,0,0.8825
21.1,422,26.5443,0.7597,0.435,1.5,-0.0523,26.5443,0.7252,0.4381,1.5,-0.034,0.0025,-0.0005,-0.0,0.0,0.0,-0.0418,-0.0,-0.0408,9.594,1,10.1977,moving_forklift,0,0,DEST_BAY_01,30.0,1.9021,0,0,0.8848
21.15,423,26.6123,0.7913,0.4321,1.5,-0.0565,26.6123,0.7569,0.4355,1.5,-0.0356,0.0025,-0.0005,-0.0,0.0,0.0,-0.0452,-0.0,-0.0675,9.195,1,10.259,moving_forklift,0,0,DEST_BAY_01,30.0,1.9021,0,0,0.8871
21.2,424,26.6804,0.8227,0.4292,1.5,-0.0581,26.6804,0.7884,0.4327,1.5,-0.0373,0.0026,-0.0006,-0.0,0.0,0.0,-0.0465,-0.0,-0.0254,12.696,1,10.3205,moving_forklift,0,0,DEST_BAY_01,30.0,1.9021,0,0,0.8893
21.25,425,26.7486,0.8539,0.4262,1.5,-0.0614,26.7486,0.8198,0.4299,1.5,-0.0389,0.0026,-0.0007,-0.0,0.0,0.0,-0.0491,-0.0,-0.0524,7.426,1,10.3822,moving_forklift,0,0,DEST_BAY_01,30.0,1.9021,0,0,0.8916
21.3,426,26.8169,0.8849,0.4231,1.5,-0.062,26.8169,0.8509,0.4269,1.5,-0.0405,0.0027,-0.0008,-0.0,0.0,0.0,-0.0495,-0.0,-0.009,13.002,1,10.4441,moving_forklift,0,0,DEST_BAY_01,30.0,1.9021,0,0,0.8939
21.35,427,26.8853,0.9157,0.4198,1.5,-0.0649,26.8853,0.8819,0.4238,1.5,-0.0422,0.0028,-0.0008,-0.0,0.0,0.0,-0.0519,-0.0,-0.0477,13.484,1,10.5063,moving_forklift,0,0,DEST_BAY_01,30.0,1.9021,0,0,0.8962
21.4,428,26.9538,0.9463,0.4164,1.5,-0.0679,26.9538,0.9126,0.4206,1.5,-0.0438,0.0028,-0.0008,-0.0,0.0,0.0,-0.0542,-0.0,-0.0465,7.82,1,10.5688,moving_forklift,0,0,DEST_BAY_01,30.0,1.9021,0,0,0.8985
21.45,429,27.0224,0.9766,0.4129,1.5,-0.071,27.0224,0.9431,0.4172,1.5,-0.0455,0.0029,-0.0008,-0.0,0.0,0.0,-0.0568,-0.0,-0.0506,11.193,1,10.6315,moving_forklift,0,0,DEST_BAY_01,30.0,1.9021,0,0,0.9007
21.5,430,27.0911,1.0067,0.4092,1.5,-0.0724,27.0911,0.9733,0.4138,1.5,-0.0472,0.003,-0.0009,-0.0,0.0,0.0,-0.0578,-0.0,-0.0215,11.572,1,10.6944,moving_forklift,0,0,DEST_BAY_01,30.0,1.9021,0,0,0.903
21.55,431,27.1599,1.0365,0.4054,1.5,-0.0759,27.1599,1.0034,0.4102,1.5,-0.0489,0.0031,-0.0009,-0.0,0.0,0.0,-0.0607,-0.0,-0.0565,12.892,1,10.7576,moving_forklift,0,0,DEST_BAY_01,30.0,1.9021,0,0,0.9053
21.6,432,27.2288,1.0661,0.4016,1.4989,-0.0768,27.2288,1.0331,0.4064,1.4845,-0.0506,0.0031,-0.001,0.0154,0.0,-0.0216,-0.0614,-0.4326,-0.0154,9.048,1,10.8211,moving_forklift,0,0,DEST_BAY_01,30.0,1.9021,0,0,0.9076
21.65,433,27.2978,1.0954,0.3976,1.4953,-0.0801,27.2978,1.0626,0.4026,1.4473,-0.0523,0.0032,-0.001,0.0516,0.0,-0.0723,-0.0642,-1.0133,-0.0543,9.561,1,10.8847,moving_forklift,0,0,DEST_BAY_01,30.0,1.9021,0,0,0.9099
21.7,434,27.3667,1.1244,0.3935,1.4893,-0.0822,27.3667,1.0919,0.3986,1.41,-0.054,0.0033,-0.001,0.0853,0.0,-0.1194,-0.0661,-0.9417,-0.0391,10.765,1,10.9485,moving_forklift,0,0,DEST_BAY_01,30.0,1.9021,0,0,0.9122
21.75,435,27.4355,1.1529,0.3892,1.4812,-0.0842,27.4355,1.1207,0.3945,1.3729,-0.0557,0.0034,-0.001,0.1165,0.0,-0.163,-0.0681,-0.8734,-0.0396,12.193,1,11.0123,moving_forklift,0,0,DEST_BAY_01,30.0,1.9021,0,0,0.9145
21.8,436,27.504,1.181,0.3849,1.471,-0.0867,27.504,1.1492,0.3903,1.3359,-0.0574,0.0035,-0.0011,0.1453,0.0,-0.2035,-0.0706,-0.8082,-0.0498,12.686,1,11.076,moving_forklift,0,0,DEST_BAY_01,30.0,1.9021,0,0,0.9168
21.85,437,27.5722,1.2086,0.3804,1.459,-0.0884,27.5722,1.1772,0.386,1.299,-0.0591,0.0035,-0.0011,0.172,0.0,-0.2408,-0.0726,-0.7461,-0.0397,11.104,1,11.1395,moving_forklift,0,0,DEST_BAY_01,30.0,1.9021,0,0,0.9191
21.9,438,27.6399,1.2357,0.3759,1.4452,-0.0902,27.6399,1.2047,0.3816,1.2625,-0.0608,0.0036,-0.0012,0.1965,0.0,-0.2751,-0.0747,-0.687,-0.0435,8.102,1,11.2028,moving_forklift,0,0,DEST_BAY_01,30.0,1.9021,0,0,0.9213
21.95,439,27.7071,1.2622,0.3713,1.4299,-0.0904,27.7071,1.2317,0.3771,1.2262,-0.0625,0.0037,-0.0012,0.219,0.0,-0.3066,-0.0757,-0.6306,-0.0201,10.105,1,11.2658,moving_forklift,0,0,DEST_BAY_01,30.0,1.9021,0,0,0.9236
22.0,440,27.7737,1.2882,0.3666,1.4131,-0.0932,27.7737,1.2582,0.3725,1.1902,-0.0642,0.0038,-0.0012,0.2396,0.0,-0.3355,-0.079,-0.5771,-0.0642,7.259,1,11.3285,moving_forklift,0,0,DEST_BAY_01,30.0,1.9021,0,0,0.9258
22.05,441,27.8397,1.3135,0.3618,1.395,-0.0939,27.8397,1.284,0.3678,1.1547,-0.0659,0.0039,-0.0013,0.2584,0.0,-0.3618,-0.0806,-0.5262,-0.0322,12.269,1,11.3906,moving_forklift,0,0,DEST_BAY_01,30.0,1.9021,0,0,0.928
22.1,442,27.9049,1.3382,0.357,1.3757,-0.0946,27.9049,1.3093,0.3631,1.1195,-0.0676,0.004,-0.0013,0.2755,0.0,-0.3857,-0.0823,-0.4778,-0.0356,8.195,1,11.4523,moving_forklift,0,0,DEST_BAY_01,30.0,1.9021,0,0,0.9302
22.15,443,27.9694,1.3622,0.3521,1.3554,-0.0967,27.9694,1.3339,0.3584,1.0848,-0.0692,0.004,-0.0013,0.2909,0.0,-0.4073,-0.0854,-0.4319,-0.0609,9.983,1,11.5134,moving_forklift,0,0,DEST_BAY_01,30.0,1.9021,0,0,0.9323
22.2,444,28.033,1.3856,0.3472,1.334,-0.0972,28.033,1.3578,0.3535,1.0506,-0.0708,0.0041,-0.0014,0.3048,0.0,-0.4267,-0.0872,-0.3884,-0.0367,11.225,1,11.5739,moving_forklift,0,0,DEST_BAY_01,30.0,1.9021,0,0,0.9344
22.25,445,28.0957,1.4083,0.3423,1.3118,-0.0966,28.0957,1.3811,0.3487,1.0168,-0.0724,0.0042,-0.0015,0.3172,0.0,-0.4441,-0.0882,-0.3472,-0.019,9.873,1,11.6337,moving_forklift,0,0,DEST_BAY_01,30.0,1.9021,0,0,0.9365
22.3,446,28.1575,1.4303,0.3373,1.2889,-0.0976,28.1575,1.4038,0.3438,0.9836,-0.074,0.0043,-0.0015,0.3282,0.0,-0.4595,-0.0906,-0.3082,-0.049,8.455,1,11.6927,moving_forklift,0,0,DEST_BAY_01,30.0,1.9021,0,0,0.9386
22.35,447,28.2183,1.4516,0.3324,1.2652,-0.0967,28.2183,1.4257,0.3389,0.951,-0.0755,0.0043,-0.0016,0.3379,0.0,-0.473,-0.0915,-0.2713,-0.0173,9.624,1,11.7511,moving_forklift,0,0,DEST_BAY_01,30.0,1.9021,0,0,0.9406
22.4,448,28.2781,1.4723,0.3274,1.241,-0.0982,28.2781,1.447,0.334,0.9189,-0.0771,0.0044,-0.0016,0.3463,0.0,-0.4849,-0.0947,-0.2364,-0.0638,10.803,1,11.8086,moving_forklift,0,0,DEST_BAY_01,30.0,1.9021,0,0,0.9426
22.45,449,28.3369,1.4922,0.3224,1.2162,-0.0976,28.3369,1.4676,0.3291,0.8874,-0.0786,0.0045,-0.0017,0.3536,0.0,-0.495,-0.096,-0.2035,-0.0266,10.821,1,11.8652,moving_forklift,0,0,DEST_BAY_01,30.0,1.9021,0,0,0.9446
22.5,450,28.3945,1.5115,0.3174,1.191,-0.0969,28.3945,1.4875,0.3242,0.8564,-0.08,0.0045,-0.0018,0.3598,0.0,-0.5037,-0.0973,-0.1725,-0.0268,13.361,1,11.921,moving_forklift,0,0,DEST_BAY_01,30.0,1.9021,0,0,0.9465
22.55,451,28.4511,1.5301,0.3125,1.1655,-0.0969,28.4511,1.5067,0.3192,0.8261,-0.0815,0.0046,-0.0018,0.3649,0.0,-0.5108,-0.0995,-0.1433,-0.0428,11.347,1,11.9759,moving_forklift,0,0,DEST_BAY_01,30.0,1.9021,0,0,0.9484
22.6,452,28.5066,1.548,0.3076,1.1397,-0.0964,28.5066,1.5253,0.3144,0.7965,-0.0829,0.0046,-0.0019,0.369,0.0,-0.5166,-0.1012,-0.1159,-0.0343,11.521,1,12.0299,moving_forklift,0,0,DEST_BAY_01,30.0,1.9021,0,0,0.9502
22.65,453,28.5609,1.5653,0.3027,1.1136,-0.095,28.5609,1.5431,0.3095,0.7674,-0.0842,0.0046,-0.0019,0.3722,0.0,-0.5211,-0.102,-0.0901,-0.017,11.891,1,12.0829,moving_forklift,0,0,DEST_BAY_01,30.0,1.9021,0,0,0.952
22.7,454,28.614,1.5819,0.2979,1.0874,-0.0942,28.614,1.5604,0.3047,0.739,-0.0856,0.0047,-0.002,0.3746,0.0,-0.5244,-0.1036,-0.0659,-0.0314,10.329,1,12.1349,moving_forklift,0,0,DEST_BAY_01,30.0,1.9021,0,0,0.9538
22.75,455,28.666,1.5978,0.2931,1.061,-0.0937,28.666,1.5769,0.2999,0.7112,-0.0869,0.0047,-0.002,0.3761,0.0,-0.5266,-0.1056,-0.0432,-0.0397,12.896,1,12.1859,moving_forklift,0,0,DEST_BAY_01,30.0,1.9021,0,0,0.9555
22.8,456,28.7168,1.6131,0.2883,1.0347,-0.093,28.7168,1.5929,0.2951,0.6841,-0.0881,0.0047,-0.002,0.3769,0.0,-0.5277,-0.1075,-0.022,-0.0376,11.025,1,12.2359,moving_forklift,0,0,DEST_BAY_01,30.0,1.9021,0,0,0.9572
22.85,457,28.7664,1.6278,0.2836,1.0083,-0.0909,28.7664,1.6082,0.2904,0.6577,-0.0893,0.0048,-0.0021,0.377,0.0,-0.5278,-0.1078,-0.0022,-0.0066,9.42,1,12.2849,moving_forklift,0,0,DEST_BAY_01,30.0,1.9021,0,0,0.9589
22.9,458,28.8148,1.642,0.279,0.9819,-0.0908,28.8148,1.6229,0.2857,0.6319,-0.0905,0.0048,-0.0021,0.3764,0.0,-0.527,-0.1106,0.0163,-0.0548,11.47,1,12.3329,moving_forklift,0,0,DEST_BAY_01,30.0,1.9021,0,0,0.9605
22.95,459,28.862,1.6555,0.2744,0.9557,-0.0895,28.862,1.637,0.2811,0.6067,-0.0917,0.0048,-0.0022,0.3752,0.0,-0.5253,-0.1119,0.0335,-0.0275,11.742,1,12.3798,moving_forklift,0,0,DEST_BAY_01,30.0,1.9021,0,0,0.9621
23.0,460,28.908,1.6684,0.2698,0.9295,-0.088,28.908,1.6505,0.2766,0.5822,-0.0928,0.0048,-0.0022,0.3734,0.0,-0.5228,-0.1132,0.0495,-0.0249,11.158,1,12.4257,moving_forklift,0,0,DEST_BAY_01,30.0,1.9021,0,0,0.9636
23.05,461,28.9528,1.6808,0.2654,0.9035,-0.0867,28.9528,1.6634,0.2722,0.5584,-0.0939,0.0048,-0.0023,0.3711,0.0,-0.5196,-0.1147,0.0643,-0.03,12.891,1,12.4706,moving_forklift,0,0,DEST_BAY_01,30.0,1.9021,0,0,0.9651
23.1,462,28.9964,1.6927,0.261,0.8778,-0.0847,28.9964,1.6758,0.2678,0.5352,-0.0949,0.0048,-0.0024,0.3684,0.0,-0.5157,-0.1153,0.078,-0.0122,9.977,1,12.5143,moving_forklift,0,0,DEST_BAY_01,30.0,1.9021,0,0,0.9665
23.15,463,29.0388,1.704,0.2567,0.8522,-0.0831,29.0388,1.6877,0.2635,0.5126,-0.0959,0.0048,-0.0024,0.3651,0.0,-0.5112,-0.1165,0.0906,-0.0243,10.851,1,12.5571,moving_forklift,0,0,DEST_BAY_01,30.0,1.9021,0,0,0.968
23.2,464,29.08,1.7148,0.2526,0.8269,-0.0812,29.08,1.699,0.2592,0.4907,-0.0969,0.0048,-0.0025,0.3615,0.0,-0.5061,-0.1173,0.1022,-0.0154,9.059,1,12.5987,moving_forklift,0,0,DEST_BAY_01,30.0,1.9021,0,0,0.9693
23.25,465,29.12,1.7251,0.2485,0.8019,-0.0796,29.12,1.7099,0.2551,0.4694,-0.0979,0.0048,-0.0025,0.3574,0.0,-0.5004,-0.1185,0.1129,-0.0251,11.909,1,12.6394,moving_forklift,0,0,DEST_BAY_01,30.0,1.9021,0,0,0.9707
23.3,466,29.1589,1.735,0.2445,0.7772,-0.0776,29.1589,1.7202,0.251,0.4488,-0.0988,0.0048,-0.0026,0.3531,0.0,-0.4943,-0.1192,0.1226,-0.0135,10.598,1,12.679,moving_forklift,0,0,DEST_BAY_01,30.0,1.9021,0,0,0.972
23.35,467,29.1966,1.7444,0.2405,0.7528,-0.0757,29.1966,1.7301,0.247,0.4288,-0.0996,0.0048,-0.0026,0.3484,0.0,-0.4877,-0.1201,0.1314,-0.0173,13.32,1,12.7175,moving_forklift,0,0,DEST_BAY_01,30.0,1.9021,0,0,0.9732
23.4,468,29.2331,1.7534,0.2367,0.7287,-0.0747,29.2331,1.7395,0.2431,0.4094,-0.1005,0.0047,-0.0026,0.3434,0.0,-0.4808,-0.1223,0.1395,-0.0454,12.432,1,12.7551,moving_forklift,0,0,DEST_BAY_01,30.0,1.9021,0,0,0.9744
23.45,469,29.2686,1.7619,0.233,0.7051,-0.0722,29.2686,1.7485,0.2393,0.3906,-0.1013,0.0047,-0.0027,0.3382,0.0,-0.4734,-0.1223,0.1467,0.0002,8.819,1,12.7916,moving_forklift,0,0,DEST_BAY_01,30.0,1.9021,0,0,0.9756
23.5,470,29.3029,1.77,0.2293,0.6818,-0.0701,29.3029,1.7571,0.2356,0.3724,-0.102,0.0047,-0.0027,0.3327,0.0,-0.4658,-0.1227,0.1532,-0.0077,12.281,1,12.8271,moving_forklift,0,0,DEST_BAY_01,30.0,1.9021,0,0,0.9768
23.55,471,29.3361,1.7778,0.2258,0.6589,-0.0686,29.3361,1.7653,0.232,0.3548,-0.1028,0.0047,-0.0027,0.327,0.0,-0.4578,-0.1243,0.159,-0.0321,11.903,1,12.8616,moving_forklift,0,0,DEST_BAY_01,30.0,1.9021,0,0,0.9779
23.6,472,29.3682,1.7852,0.2223,0.6364,-0.0665,29.3682,1.773,0.2285,0.3377,-0.1035,0.0046,-0.0027,0.3211,0.0,-0.4496,-0.1247,0.1641,-0.0079,13.266,1,12.8952,moving_forklift,0,0,DEST_BAY_01,30.0,1.9021,0,0,0.9789
23.65,473,29.3992,1.7922,0.219,0.6143,-0.0644,29.3992,1.7805,0.2251,0.3213,-0.1042,0.0046,-0.0027,0.3151,0.0,-0.4412,-0.1251,0.1686,-0.0082,8.087,1,12.9277,moving_forklift,0,0,DEST_BAY_01,30.0,1.9021,0,0,0.98
23.7,474,29.4292,1.7989,0.2158,0.5927,-0.0621,29.4292,1.7875,0.2218,0.3054,-0.1048,0.0046,-0.0028,0.309,0.0,-0.4325,-0.1251,0.1725,0.0006,11.763,1,12.9594,moving_forklift,0,0,DEST_BAY_01,30.0,1.9021,0,0,0.981
23.75,475,29.4581,1.8052,0.2126,0.5715,-0.0608,29.4581,1.7942,0.2185,0.29,-0.1054,0.0045,-0.0027,0.3027,0.0,-0.4237,-0.127,0.1758,-0.0379,13.374,1,12.99,moving_forklift,0,0,DEST_BAY_01,30.0,1.9021,0,0,0.9819
23.8,476,29.4861,1.8112,0.2096,0.5508,-0.0584,29.4861,1.8006,0.2154,0.2752,-0.106,0.0045,-0.0028,0.2963,0.0,-0.4148,-0.1265,0.1786,0.0088,9.504,1,13.0198,moving_forklift,0,0,DEST_BAY_01,30.0,1.9021,0,0,0.9829
23.85,477,29.513,1.817,0.2066,0.5305,-0.057,29.513,1.8067,0.2124,0.261,-0.1066,0.0045,-0.0028,0.2898,0.0,-0.4058,-0.1283,0.1809,-0.0344,12.181,1,13.0487,moving_forklift,0,0,DEST_BAY_01,30.0,1.9021,0,0,0.9838
23.9,478,29.539,1.8224,0.2038,0.5107,-0.0548,29.539,1.8124,0.2094,0.2472,-0.1071,0.0044,-0.0028,0.2833,0.0,-0.3966,-0.1281,0.1828,0.0042,10.065,1,13.0766,moving_forklift,0,0,DEST_BAY_01,30.0,1.9021,0,0,0.9846
23.95,479,29.564,1.8276,0.201,0.4913,-0.0532,29.564,1.8179,0.2066,0.2339,-0.1077,0.0044,-0.0028,0.2767,0.0,-0.3874,-0.1292,0.1842,-0.023,11.439,1,13.1037,moving_forklift,0,0,DEST_BAY_01,30.0,1.9021,0,0,0.9855
24.0,480,29.588,1.8325,0.1984,0.4724,-0.0515,29.588,1.8231,0.2038,0.2212,-0.1082,0.0044,-0.0028,0.2701,0.0,-0.3782,-0.1301,0.1851,-0.0182,12.381,1,13.13,moving_forklift,0,0,DEST_BAY_01,30.0,1.9021,0,0,0.9863
24.05,481,29.6112,1.8371,0.1958,0.4539,-0.0498,29.6112,1.8281,0.2011,0.2089,-0.1086,0.0043,-0.0028,0.2635,0.0,-0.3689,-0.1309,0.1857,-0.0157,13.124,1,13.1554,moving_forklift,0,0,DEST_BAY_01,30.0,1.9021,0,0,0.987
24.1,482,29.6335,1.8416,0.1933,0.4362,-0.0477,29.6335,1.8327,0.1986,0.2,-0.1091,0.0043,-0.0028,0.2539,0.0,-0.3555,-0.1305,0.2672,0.0078,7.358,1,13.18,moving_forklift,0,0,DEST_BAY_01,30.0,1.9021,0,0,0.9878
24.15,483,29.6549,1.8457,0.1909,0.4196,-0.0461,29.6549,1.8372,0.1961,0.2,-0.1095,0.0043,-0.0028,0.2362,0.0,-0.3306,-0.131,0.4977,-0.0105,12.771,1,13.2038,moving_forklift,0,0,DEST_BAY_01,30.0,1.9021,0,0,0.9885
24.2,484,29.6755,1.8497,0.1886,0.4043,-0.045,29.6755,1.8414,0.1937,0.2,-0.1099,0.0042,-0.0028,0.2196,0.0,-0.3075,-0.1327,0.4629,-0.0342,8.595,1,13.2269,moving_forklift,0,0,DEST_BAY_01,30.0,1.9021,0,0,0.9892
24.25,485,29.6953,1.8535,0.1863,0.39,-0.0433,29.6953,1.8454,0.1914,0.2,-0.1103,0.0042,-0.0028,0.2043,0.0,-0.286,-0.1325,0.4305,0.0042,7.598,1,13.2493,moving_forklift,0,0,DEST_BAY_01,30.0,1.9021,0,0,0.9898
24.3,486,29.7145,1.8571,0.1841,0.3767,-0.0417,29.7145,1.8493,0.1892,0.2,-0.1107,0.0042,-0.0029,0.19,0.0,-0.2659,-0.132,0.4004,0.0103,9.104,1,13.2711,moving_forklift,0,0,DEST_BAY_01,30.0,1.9021,0,0,0.9905
24.35,487,29.733,1.8606,0.182,0.3643,-0.0409,29.733,1.8529,0.187,0.2,-0.111,0.0041,-0.0028,0.1767,0.0,-0.2473,-0.1339,0.3723,-0.0373,9.772,1,13.2923,moving_forklift,0,0,DEST_BAY_01,30.0,1.9021,0,0,0.9911
24.4,488,29.7509,1.8639,0.18,0.3528,-0.0392,29.7509,1.8564,0.1849,0.2,-0.1114,0.0041,-0.0029,0.1643,0.0,-0.23,-0.1325,0.3463,0.028,9.117,1,13.3129,moving_forklift,0,0,DEST_BAY_01,30.0,1.9021,0,0,0.9917
24.45,489,29.7683,1.867,0.178,0.3421,-0.0381,29.7683,1.8597,0.1829,0.2,-0.1117,0.0041,-0.0029,0.1528,0.0,-0.2139,-0.1327,0.322,-0.0042,10.304,1,13.3331,moving_forklift,0,0,DEST_BAY_01,30.0,1.9021,0,0,0.9923
24.5,490,29.7851,1.8701,0.1761,0.3322,-0.0371,29.7851,1.8629,0.1809,0.2,-0.112,0.004,-0.0028,0.1421,0.0,-0.1989,-0.1331,0.2995,-0.0086,8.055,1,13.3528,moving_forklift,0,0,DEST_BAY_01,30.0,1.9021,0,0,0.9928
24.55,491,29.8015,1.873,0.1743,0.3229,-0.0362,29.8015,1.866,0.179,0.2,-0.1123,0.004,-0.0028,0.1322,0.0,-0.185,-0.1337,0.2785,-0.0119,10.058,1,13.372,moving_forklift,0,0,DEST_BAY_01,30.0,1.9021,0,0,0.9934
24.6,492,29.8174,1.8758,0.1725,0.3143,-0.0356,29.8174,1.8689,0.1771,0.2,-0.1126,0.004,-0.0028,0.1229,0.0,-0.1721,-0.135,0.259,-0.0263,13.16,1,13.3908,moving_forklift,0,0,DEST_BAY_01,30.0,1.9021,0,0,0.9939
24.65,493,29.8328,1.8785,0.1707,0.3063,-0.0348,29.8328,1.8717,0.1753,0.2,-0.1129,0.004,-0.0028,0.1143,0.0,-0.16,-0.1357,0.2409,-0.0125,9.84,1,13.4093,moving_forklift,0,0,DEST_BAY_01,30.0,1.9021,0,0,0.9944
24.7,494,29.8479,1.8811,0.1689,0.2989,-0.0339,29.8479,1.8745,0.1735,0.2,-0.1131,0.0039,-0.0028,0.1063,0.0,-0.1488,-0.1352,0.224,0.0086,9.814,1,13.4274,moving_forklift,0,0,DEST_BAY_01,30.0,1.9021,0,0,0.9949
24.75,495,29.8627,1.8836,0.1672,0.2919,-0.0332,29.8627,1.8771,0.1718,0.2,-0.1134,0.0039,-0.0028,0.0989,0.0,-0.1384,-0.1358,0.2083,-0.0111,7.824,1,13.4452,moving_forklift,0,0,DEST_BAY_01,30.0,1.9021,0,0,0.9954
24.8,496,29.877,1.886,0.1656,0.2855,-0.0326,29.877,1.8797,0.1701,0.2,-0.1137,0.0039,-0.0029,0.0919,0.0,-0.1287,-0.1363,0.1938,-0.0098,13.195,1,13.4626,moving_forklift,0,0,DEST_BAY_01,30.0,1.9021,0,0,0.9959
24.85,497,29.8911,1.8884,0.1639,0.2795,-0.0319,29.8911,1.8821,0.1684,0.2,-0.1139,0.0038,-0.0029,0.0855,0.0,-0.1197,-0.136,0.1802,0.0058,7.406,1,13.4798,moving_forklift,0,0,DEST_BAY_01,30.0,1.9021,0,0,0.9964
24.9,498,29.9049,1.8906,0.1623,0.274,-0.0314,29.9049,1.8845,0.1668,0.2,-0.1141,0.0038,-0.0029,0.0795,0.0,-0.1113,-0.1366,0.1676,-0.0132,13.188,1,13.4968,moving_forklift,0,0,DEST_BAY_01,30.0,1.9021,0,0,0.9968
24.95,499,29.9184,1.8929,0.1608,0.2688,-0.0307,29.9184,1.8868,0.1652,0.2,-0.1144,0.0038,-0.0029,0.074,0.0,-0.1035,-0.1361,0.1559,0.0104,12.589,1,13.5135,moving_forklift,0,0,DEST_BAY_01,30.0,1.9021,0,0,0.9973
25.0,500,29.9317,1.895,0.1592,0.264,-0.0301,29.9317,1.889,0.1636,0.2,-0.1146,0.0038,-0.0029,0.0688,0.0,-0.0963,-0.1361,0.1449,-0.0005,10.63,1,13.53,moving_forklift,0,0,DEST_BAY_01,30.0,1.9021,0,0,0.9977
